Time,TSS (mg/L),DOC (mg/L),Chl (ug/L),400 nm,401 nm,402 nm,403 nm,404 nm,405 nm,406 nm,407 nm,408 nm,409 nm,410 nm,411 nm,412 nm,413 nm,414 nm,415 nm,416 nm,417 nm,418 nm,419 nm,420 nm,421 nm,422 nm,423 nm,424 nm,425 nm,426 nm,427 nm,428 nm,429 nm,430 nm,431 nm,432 nm,433 nm,434 nm,435 nm,436 nm,437 nm,438 nm,439 nm,440 nm,441 nm,442 nm,443 nm,444 nm,445 nm,446 nm,447 nm,448 nm,449 nm,450 nm,451 nm,452 nm,453 nm,454 nm,455 nm,456 nm,457 nm,458 nm,459 nm,460 nm,461 nm,462 nm,463 nm,464 nm,465 nm,466 nm,467 nm,468 nm,469 nm,470 nm,471 nm,472 nm,473 nm,474 nm,475 nm,476 nm,477 nm,478 nm,479 nm,480 nm,481 nm,482 nm,483 nm,484 nm,485 nm,486 nm,487 nm,488 nm,489 nm,490 nm,491 nm,492 nm,493 nm,494 nm,495 nm,496 nm,497 nm,498 nm,499 nm,500 nm,501 nm,502 nm,503 nm,504 nm,505 nm,506 nm,507 nm,508 nm,509 nm,510 nm,511 nm,512 nm,513 nm,514 nm,515 nm,516 nm,517 nm,518 nm,519 nm,520 nm,521 nm,522 nm,523 nm,524 nm,525 nm,526 nm,527 nm,528 nm,529 nm,530 nm,531 nm,532 nm,533 nm,534 nm,535 nm,536 nm,537 nm,538 nm,539 nm,540 nm,541 nm,542 nm,543 nm,544 nm,545 nm,546 nm,547 nm,548 nm,549 nm,550 nm,551 nm,552 nm,553 nm,554 nm,555 nm,556 nm,557 nm,558 nm,559 nm,560 nm,561 nm,562 nm,563 nm,564 nm,565 nm,566 nm,567 nm,568 nm,569 nm,570 nm,571 nm,572 nm,573 nm,574 nm,575 nm,576 nm,577 nm,578 nm,579 nm,580 nm,581 nm,582 nm,583 nm,584 nm,585 nm,586 nm,587 nm,588 nm,589 nm,590 nm,591 nm,592 nm,593 nm,594 nm,595 nm,596 nm,597 nm,598 nm,599 nm,600 nm,601 nm,602 nm,603 nm,604 nm,605 nm,606 nm,607 nm,608 nm,609 nm,610 nm,611 nm,612 nm,613 nm,614 nm,615 nm,616 nm,617 nm,618 nm,619 nm,620 nm,621 nm,622 nm,623 nm,624 nm,625 nm,626 nm,627 nm,628 nm,629 nm,630 nm,631 nm,632 nm,633 nm,634 nm,635 nm,636 nm,637 nm,638 nm,639 nm,640 nm,641 nm,642 nm,643 nm,644 nm,645 nm,646 nm,647 nm,648 nm,649 nm,650 nm,651 nm,652 nm,653 nm,654 nm,655 nm,656 nm,657 nm,658 nm,659 nm,660 nm,661 nm,662 nm,663 nm,664 nm,665 nm,666 nm,667 nm,668 nm,669 nm,670 nm,671 nm,672 nm,673 nm,674 nm,675 nm,676 nm,677 nm,678 nm,679 nm,680 nm,681 nm,682 nm,683 nm,684 nm,685 nm,686 nm,687 nm,688 nm,689 nm,690 nm,691 nm,692 nm,693 nm,694 nm,695 nm,696 nm,697 nm,698 nm,699 nm,700 nm
2023-02-08T03:30:00Z,,3.992934469,,0.003019551,0.003002987,0.002982388,0.003004275,0.00305487,0.003100053,0.003129571,0.003147345,0.003176442,0.003212122,0.003246707,0.003281963,0.003321148,0.003366758,0.003410781,0.003443301,0.003464647,0.003475764,0.003481522,0.003488889,0.003505385,0.003540005,0.003585079,0.003627097,0.003646504,0.003640136,0.00363021,0.003641943,0.003689104,0.003762756,0.003850536,0.003947794,0.004041548,0.004111927,0.004143767,0.00415192,0.004162231,0.004198462,0.004262755,0.004339584,0.004415026,0.004479781,0.004536848,0.004590992,0.004646535,0.004702345,0.004752966,0.00479257,0.004820832,0.00484656,0.004879015,0.004925175,0.004980917,0.005039387,0.005094372,0.005147394,0.005202415,0.00526359,0.005327424,0.005385654,0.005431589,0.005462266,0.005488627,0.005520581,0.005567289,0.00563044,0.005701109,0.005769486,0.005826371,0.005873162,0.005917452,0.005966291,0.006020112,0.00607693,0.0061337,0.006189189,0.006245152,0.006306399,0.006372628,0.006433748,0.006477034,0.00649454,0.006509938,0.00653549,0.006578576,0.006636529,0.006704462,0.006783506,0.006864701,0.006932381,0.0069942,0.007060397,0.007133433,0.007202411,0.007251366,0.007282664,0.00730762,0.00733158,0.007361471,0.007405574,0.007464332,0.007534764,0.007605156,0.007669758,0.007729383,0.00777736,0.007807279,0.007824556,0.007836654,0.007851233,0.00786148,0.007857871,0.007854011,0.007862167,0.007883951,0.007918973,0.007966979,0.008034727,0.008120068,0.008196054,0.008257966,0.00831634,0.008378575,0.008444655,0.008504181,0.008557366,0.008613519,0.008671125,0.008723099,0.008759804,0.008784323,0.008813294,0.00885529,0.008909647,0.008954789,0.008982422,0.009001385,0.009023788,0.009058284,0.009100083,0.009141897,0.009175508,0.009197755,0.009209251,0.009222945,0.009245968,0.009274723,0.009300884,0.009315996,0.009324169,0.009331394,0.009343768,0.009363821,0.009392458,0.009427687,0.009466874,0.00950791,0.009546276,0.009575731,0.009599459,0.009623861,0.009662299,0.009711105,0.009757649,0.009786251,0.009791592,0.009782068,0.009764926,0.009742795,0.009716021,0.009684817,0.009652489,0.009618211,0.009578045,0.009528967,0.009470226,0.009402552,0.009325758,0.009238069,0.009134855,0.009010559,0.008866393,0.008711046,0.008551918,0.008383155,0.008192852,0.007991384,0.007790965,0.007598714,0.007411549,0.007226159,0.007048127,0.006874851,0.006691801,0.006489177,0.006270564,0.006047813,0.005830723,0.005624525,0.005431643,0.005255356,0.005099765,0.004964907,0.004849336,0.004752878,0.004673248,0.00460742,0.00455353,0.004509526,0.004472312,0.00443932,0.00440885,0.004382931,0.004365659,0.00436177,0.004370425,0.004383999,0.004394831,0.004397424,0.004394093,0.004388526,0.004384,0.004379553,0.004370508,0.00435185,0.004325273,0.004299974,0.004285763,0.004288089,0.004299782,0.004312608,0.004319189,0.004315857,0.004297999,0.00425954,0.004197075,0.004120091,0.004040128,0.003968842,0.003913379,0.00387676,0.003862149,0.003862524,0.003867406,0.003867464,0.00386742,0.003874318,0.003890152,0.003909004,0.00391302,0.003892815,0.003840437,0.00376672,0.003689375,0.003625572,0.00358405,0.003556398,0.003528507,0.003482048,0.003406474,0.00332326,0.00325474,0.003214971,0.003192505,0.003170069,0.003144889,0.003123038,0.0031074,0.003097801,0.003088618,0.003079642,0.00307221,0.003067433,0.003062435,0.00305151,0.003032285,0.003008951,0.002990046,0.002980014,0.002970077,0.002952791,0.00292408,0.002900414,0.002887766,0.002876628,0.002863475,0.002847584,0.002826084,0.002792228,0.002737868,0.002677938,0.002633229,0.002597279,0.002557536,0.002505362,0.002441856,0.002374723,0.002309247,0.002251756,0.002210838,0.002186138
2023-04-04T01:00:00Z,,3.669504498,,0.005888942,0.005932758,0.005963482,0.006000127,0.0060124,0.005991787,0.005962291,0.005954145,0.005986197,0.0060328,0.006077974,0.006119373,0.006164332,0.006215883,0.006265425,0.006304031,0.006329546,0.006339286,0.006338305,0.006340794,0.006361298,0.006410553,0.006473086,0.00652487,0.006539129,0.006522158,0.006504988,0.006508874,0.00654108,0.006590062,0.006660821,0.006764126,0.006877124,0.006971829,0.007030307,0.007062783,0.007090758,0.007131204,0.007189977,0.007265634,0.007348829,0.007428757,0.007499053,0.007561636,0.007626088,0.0076932,0.00775584,0.007803069,0.007834157,0.007866076,0.00791208,0.007979465,0.008057085,0.008129062,0.008180473,0.008214276,0.00824413,0.008286116,0.008345055,0.008411536,0.008473457,0.008520691,0.008557828,0.008590204,0.008622988,0.008662454,0.008711747,0.008769469,0.008828749,0.008880446,0.008925333,0.008968668,0.009014477,0.009063301,0.009112516,0.009159038,0.009203491,0.009255362,0.00931849,0.009382355,0.009423614,0.009418961,0.009392811,0.009370665,0.009374156,0.009404528,0.009449805,0.009503238,0.009553069,0.009585791,0.009613425,0.009655074,0.009710596,0.009763457,0.009789584,0.0097892,0.00977848,0.00976191,0.009742903,0.009727583,0.009716452,0.009708478,0.009698021,0.009684205,0.009673507,0.009658137,0.0096238,0.009569293,0.009498689,0.009422041,0.009335326,0.009229687,0.009120408,0.009024176,0.008946796,0.008889979,0.008854982,0.008854621,0.008891892,0.008937011,0.008974498,0.009004692,0.009034039,0.009065723,0.009090178,0.009104173,0.009111484,0.009113045,0.009108513,0.009096204,0.009079836,0.009068126,0.009062711,0.009059199,0.009041743,0.009006653,0.008964286,0.008924147,0.008892091,0.0088665,0.008843044,0.008814221,0.008773278,0.008716481,0.0086561,0.008601958,0.008555768,0.008511309,0.008459264,0.008399895,0.008337149,0.0082799,0.008232972,0.008198757,0.008173627,0.008153074,0.008134641,0.008114809,0.008089871,0.008061029,0.008032003,0.00801139,0.00799602,0.007976469,0.007940184,0.007884094,0.007817531,0.007747158,0.007672998,0.007592303,0.00750311,0.007408867,0.00730916,0.007200315,0.007079957,0.006949658,0.006812942,0.006672327,0.006527477,0.006372192,0.006199875,0.006010982,0.005813621,0.005615356,0.005409627,0.005188122,0.004963487,0.004749155,0.004548945,0.004357054,0.004170421,0.004000786,0.003848803,0.003701312,0.003548921,0.003391123,0.003232984,0.003079063,0.002933407,0.002798921,0.002678711,0.002575434,0.002487429,0.002412724,0.002349552,0.002296001,0.002250834,0.002213173,0.002181621,0.002155643,0.002135559,0.002121884,0.002112339,0.002103393,0.002091878,0.002077155,0.002061425,0.002047337,0.002035861,0.002022709,0.002002695,0.001970633,0.001931665,0.001894631,0.001868567,0.001858752,0.001864615,0.001886316,0.0019232,0.00196573,0.002001429,0.002017811,0.002011413,0.00198952,0.00195909,0.001926034,0.001892701,0.001860561,0.001829992,0.00180044,0.001772903,0.001748854,0.00173112,0.001717225,0.001703724,0.001692014,0.001685104,0.001684568,0.001689202,0.00169248,0.001690183,0.001678289,0.001653534,0.001619627,0.001581564,0.001548331,0.00152703,0.001521302,0.001526463,0.001522132,0.001502875,0.001467319,0.001429178,0.001396164,0.001370839,0.001354772,0.001346861,0.001343668,0.001342852,0.001343721,0.001344834,0.001344265,0.001338443,0.001327097,0.001312165,0.001298154,0.001290799,0.001293936,0.001306818,0.001317041,0.001314765,0.001292962,0.001266286,0.00124499,0.001227523,0.001212486,0.001198579,0.001184127,0.001166081,0.001140439,0.001114801,0.001100909,0.001093628,0.001086277,0.00107816,0.001068344,0.001054539,0.001031548,0.000997843,0.000961271,0.000928197
2023-04-18T01:30:00Z,,3.700870538,,0.008719006,0.008767066,0.008779565,0.00881132,0.008838671,0.008840061,0.008829826,0.00883576,0.008882786,0.008942729,0.008995279,0.009037794,0.009082708,0.009140491,0.009208007,0.009273766,0.009328644,0.009358284,0.009361421,0.009359784,0.009381443,0.009450963,0.00954724,0.009632887,0.009664276,0.0096458,0.009621703,0.009626307,0.009673332,0.009747203,0.009849685,0.009992208,0.010147286,0.010281628,0.010376004,0.010445246,0.010514601,0.010598344,0.010696496,0.010803242,0.010912709,0.011020688,0.011127657,0.011237673,0.011357498,0.011481247,0.011593056,0.011675684,0.01172661,0.011768642,0.011824916,0.011912944,0.012025498,0.012142869,0.01223913,0.012311543,0.012372662,0.012443806,0.012530665,0.012619463,0.01269684,0.012754984,0.012808503,0.01286592,0.012926022,0.012987729,0.013048322,0.013112877,0.013182108,0.013254187,0.01332987,0.013408667,0.013486665,0.013560818,0.013632313,0.013703076,0.013778959,0.013871437,0.013982497,0.014093416,0.014170867,0.014184566,0.014171676,0.014168031,0.014203173,0.014277346,0.014373952,0.014484317,0.0145908,0.014670276,0.014736673,0.014815636,0.014912238,0.015011543,0.015085339,0.015135231,0.015178765,0.015215307,0.015244154,0.015270826,0.015298334,0.015332062,0.015371545,0.015424319,0.015501361,0.015587502,0.015652607,0.015690168,0.015704679,0.01570864,0.015693451,0.015642258,0.015580854,0.015536477,0.015515634,0.01551818,0.015542976,0.01560926,0.015723582,0.015844318,0.015953645,0.016054647,0.016153524,0.016249448,0.016325606,0.016381986,0.016434738,0.016491369,0.016551681,0.016604822,0.016648503,0.016690643,0.016734815,0.016777785,0.016799878,0.016798363,0.01678996,0.016787375,0.016797335,0.016818409,0.016846801,0.016875254,0.016890462,0.016880929,0.016860228,0.016845675,0.016850056,0.016873628,0.016905159,0.016929903,0.016938368,0.016933855,0.016932327,0.016951708,0.016990619,0.017038322,0.017081981,0.017117127,0.017147491,0.017183743,0.017234575,0.017302596,0.017371806,0.017417865,0.017421631,0.017384798,0.017330605,0.017274112,0.017217416,0.017154725,0.017081467,0.01699966,0.016906519,0.016796129,0.016667799,0.016526983,0.016377246,0.016221067,0.016054926,0.015868304,0.015649837,0.015399151,0.015126928,0.014840626,0.014519,0.014142811,0.013736881,0.01332545,0.012920612,0.012521583,0.012133378,0.011784496,0.011469602,0.011156703,0.010821439,0.010461645,0.01008803,0.009712265,0.00934608,0.009002972,0.008696238,0.0084338,0.008211668,0.008022602,0.007863982,0.007733526,0.00762975,0.007550663,0.007490208,0.007442196,0.007401877,0.007366381,0.007332389,0.007296216,0.007255796,0.007213231,0.007174212,0.007144745,0.007126229,0.007108994,0.007081813,0.00703439,0.006972491,0.006908724,0.006854443,0.006818917,0.006803808,0.006811376,0.006842058,0.006883327,0.006920666,0.006940851,0.00693599,0.006907597,0.006855068,0.006782224,0.006699647,0.006618277,0.006546544,0.006480592,0.006414758,0.006343402,0.006273481,0.006214046,0.006173193,0.006156768,0.006155202,0.006152919,0.006134296,0.006092034,0.006030726,0.005954679,0.005868374,0.00577679,0.005685406,0.00559942,0.005519925,0.005446785,0.005373705,0.005286316,0.005193329,0.005107113,0.005041081,0.00499038,0.004943234,0.004897063,0.004856039,0.004820666,0.004791183,0.004768465,0.004755693,0.004755314,0.004760021,0.004759274,0.00474345,0.004714209,0.004683942,0.004666666,0.004666668,0.004665875,0.004648774,0.004604683,0.004555638,0.004513705,0.004469317,0.004417442,0.004357212,0.004283151,0.004188705,0.004070567,0.003959195,0.003895097,0.003861148,0.003823553,0.003753507,0.003652137,0.003544159,0.003449979,0.003381024,0.003332264,0.003287693
2023-05-02T00:30:00Z,,3.682743875,,0.006129485,0.006183999,0.006227004,0.006270966,0.006297953,0.006306123,0.006310834,0.006330307,0.006372306,0.006420862,0.006469014,0.006516209,0.006565626,0.00661839,0.006671879,0.006724912,0.006776615,0.006820936,0.006857793,0.006897894,0.006953973,0.007034696,0.00712269,0.007194279,0.007227175,0.007233855,0.007245912,0.007279122,0.007335835,0.0074004,0.007476622,0.007572779,0.007673139,0.007765276,0.007847659,0.007926115,0.008006442,0.00808559,0.008161746,0.008238749,0.008317004,0.008395099,0.008470228,0.008544871,0.00862721,0.008717842,0.008810185,0.008892519,0.008959778,0.009019661,0.009082413,0.009157581,0.009247367,0.009343747,0.009428951,0.009494796,0.009544528,0.009596176,0.009662552,0.009742917,0.009826521,0.009900419,0.009964213,0.010020878,0.010073941,0.01012822,0.010188221,0.010254729,0.01032512,0.010393034,0.010459507,0.010529262,0.010602553,0.010677373,0.010750007,0.010819084,0.010886853,0.010963901,0.01105596,0.011154758,0.011237341,0.011278016,0.011293009,0.011306577,0.011337777,0.011388431,0.011449041,0.0115184,0.011592736,0.011659738,0.011721643,0.01178993,0.011864997,0.011938016,0.011990035,0.012018802,0.012034606,0.012040481,0.012039345,0.012039075,0.012044759,0.012057528,0.012069662,0.012075628,0.012080409,0.012081862,0.012071091,0.012042146,0.011993731,0.011932735,0.011857314,0.011760109,0.011656951,0.011568628,0.011507272,0.011473158,0.011458733,0.011470915,0.011514585,0.011573951,0.011637979,0.011702815,0.011764628,0.011818157,0.011855354,0.011877941,0.011896611,0.011916742,0.011938854,0.011958825,0.011975322,0.011991276,0.01200738,0.012021147,0.012021836,0.012006511,0.011981535,0.011952682,0.011923819,0.011895229,0.011867017,0.011839367,0.011809455,0.011774147,0.011735396,0.011695316,0.011654501,0.011611483,0.011564194,0.011513241,0.011460107,0.011407996,0.011362783,0.01133098,0.011314441,0.011309163,0.011306604,0.011297809,0.011276998,0.011248393,0.011219848,0.01120272,0.011193426,0.011180994,0.011149779,0.01109442,0.011022627,0.010942059,0.010857558,0.010766686,0.010666146,0.010554426,0.010432401,0.010301242,0.010160426,0.010007779,0.009839302,0.009652761,0.009449618,0.009235067,0.009013048,0.008784645,0.008549961,0.00830745,0.008048671,0.007771354,0.007485864,0.007200824,0.006920349,0.006644752,0.006377289,0.006128195,0.005892751,0.005658688,0.005418943,0.005174588,0.004932008,0.004695967,0.004469621,0.004258177,0.0040684,0.003907872,0.003774903,0.00366447,0.003572335,0.003495434,0.003432591,0.003383634,0.003347555,0.003320359,0.003298049,0.003276827,0.003255428,0.003233882,0.003213021,0.003194212,0.00317876,0.003168839,0.003165857,0.003164671,0.003158682,0.00314018,0.003111641,0.00308046,0.003053924,0.003035087,0.003021697,0.003011767,0.00300376,0.002995335,0.002983917,0.002967199,0.002945581,0.002921145,0.002896103,0.002871938,0.002848552,0.002825774,0.002803553,0.002781853,0.002760745,0.002739235,0.0027171,0.002694347,0.002671029,0.002648262,0.002628171,0.00261275,0.002601378,0.002589083,0.002570202,0.002540999,0.002504246,0.002465364,0.002428637,0.002393795,0.002356814,0.002314036,0.002265778,0.002215565,0.002168281,0.002129019,0.002098443,0.002074537,0.002054388,0.002036164,0.002020824,0.00200967,0.002003209,0.002000246,0.001999501,0.001999601,0.001999323,0.001997833,0.001994832,0.001990764,0.001985903,0.00198023,0.00197411,0.001968572,0.001965051,0.001963081,0.001959144,0.001947908,0.001922337,0.001882856,0.001837729,0.001795899,0.001763303,0.00173705,0.001714642,0.001695562,0.0016758,0.001649496,0.001610858,0.001562464,0.001513695,0.001473402,0.001444694,0.001420291,0.001392089
2023-05-30T03:42:00Z,,3.677480629,,0.00951773,0.009601517,0.009668669,0.009733981,0.00977311,0.009783654,0.009785535,0.00980517,0.009855401,0.009921567,0.009997345,0.010080882,0.010165613,0.010243384,0.01030542,0.0103572,0.01041012,0.010464904,0.010522794,0.010588201,0.010669617,0.010772963,0.010881186,0.010971031,0.011020444,0.011046701,0.01108534,0.011147526,0.01122991,0.011313427,0.011409902,0.011536304,0.011670354,0.011795744,0.011913424,0.012032155,0.012158335,0.012282951,0.012400792,0.012516943,0.012632732,0.012746935,0.012855773,0.012963633,0.013083709,0.01321844,0.013358886,0.013485413,0.013587417,0.013673022,0.013757339,0.013856093,0.013975522,0.014105813,0.014221282,0.014309505,0.014374346,0.014440086,0.014523448,0.01462143,0.01472123,0.014809281,0.014889158,0.014963856,0.015029633,0.015087774,0.01514448,0.015209519,0.015287311,0.015371758,0.015460912,0.015554893,0.015648469,0.015736612,0.015817479,0.015893853,0.015973652,0.01607104,0.016192315,0.016324122,0.016433765,0.016485478,0.016500947,0.016514183,0.016551739,0.016615899,0.016692456,0.01677994,0.016875726,0.016968481,0.017064567,0.017180365,0.017309275,0.017431962,0.017519647,0.017573268,0.017615746,0.017654555,0.017691353,0.017726959,0.017764161,0.017806534,0.017848953,0.017889462,0.017938735,0.017997303,0.018054993,0.018097606,0.018114669,0.018107558,0.018072061,0.018001967,0.017921391,0.01785779,0.017818653,0.017800647,0.017796724,0.017826701,0.017906026,0.018010805,0.018121359,0.018228825,0.01833128,0.018426639,0.018505347,0.018566657,0.018618897,0.01866684,0.018713089,0.018759738,0.018811207,0.018873357,0.018939909,0.018997673,0.019025117,0.019019782,0.018999496,0.018981091,0.018975182,0.01897873,0.018986151,0.01899063,0.018987733,0.018976158,0.018965763,0.018961824,0.018961378,0.018956189,0.018938657,0.01891285,0.018884701,0.018860883,0.018846403,0.018845358,0.018858304,0.018882792,0.018914341,0.018944715,0.018965084,0.018975227,0.01898006,0.018992043,0.019006724,0.01901135,0.018991649,0.018946916,0.018891685,0.018834618,0.018774745,0.018701418,0.018605374,0.018487236,0.018352612,0.01820686,0.018047136,0.017868401,0.017666973,0.017442854,0.017200365,0.016941362,0.01666551,0.016370766,0.016058423,0.01572924,0.015373237,0.014988193,0.014587501,0.014183398,0.01378346,0.013387987,0.012998925,0.012623686,0.012254055,0.011874002,0.011473265,0.011054642,0.010631439,0.01021405,0.009809648,0.009427504,0.00907867,0.008773153,0.008508333,0.008278254,0.008085282,0.007931992,0.007816218,0.007733166,0.007670627,0.007617192,0.007563673,0.007508254,0.007453489,0.007402972,0.007359579,0.007323222,0.007291263,0.007262139,0.007235924,0.007211582,0.007187645,0.00716116,0.007130311,0.007093825,0.007049394,0.00699875,0.00694936,0.006909258,0.006882903,0.006862659,0.006839263,0.006806754,0.006767152,0.006725652,0.006686539,0.006649836,0.006611547,0.0065672,0.006514362,0.006457982,0.006404217,0.006359877,0.006324333,0.006293441,0.00626029,0.006219962,0.006174128,0.006125606,0.006078281,0.00602943,0.005974486,0.005907007,0.005826601,0.005735798,0.005635585,0.005528507,0.005420466,0.005319394,0.005234353,0.005161572,0.005096425,0.005035882,0.004977642,0.004919057,0.004856952,0.004794359,0.004741568,0.004708475,0.004695719,0.004691767,0.004684461,0.004666632,0.004642493,0.004619372,0.004603756,0.00459484,0.004585832,0.004570019,0.00454468,0.00451491,0.004486409,0.004461046,0.00443417,0.004398796,0.004345002,0.004272404,0.004193386,0.004122466,0.004070523,0.004027846,0.003983365,0.003931432,0.003873437,0.003811333,0.00374563,0.003676349,0.003604376,0.00352998,0.003453205,0.003375404,0.003297543
2023-06-14T03:35:00Z,,3.908136776,,0.008061534,0.008165138,0.00821679,0.008268681,0.008276498,0.008221728,0.008148405,0.008113358,0.008163016,0.008250224,0.008332212,0.008387843,0.008429456,0.008475853,0.008530532,0.0085853,0.008634232,0.008662975,0.008671853,0.008676514,0.008702502,0.008768838,0.008850143,0.008903593,0.008878836,0.008789205,0.008698685,0.008664624,0.008708651,0.008801621,0.008926777,0.00908176,0.009237052,0.009360157,0.009435025,0.009482349,0.009532012,0.009602683,0.009694941,0.009800426,0.00990734,0.010005145,0.010093663,0.010181996,0.01028615,0.010405217,0.010523168,0.010616802,0.010676584,0.010717934,0.01075887,0.010814383,0.010883286,0.01095466,0.011012542,0.011058748,0.011107165,0.011179832,0.011280529,0.011388017,0.01147556,0.011521493,0.011540517,0.011552642,0.011579646,0.011633188,0.011710789,0.011801205,0.011887193,0.01195529,0.012008884,0.012059842,0.01212434,0.012210718,0.012317907,0.01242892,0.012528638,0.012623339,0.012720741,0.012816847,0.012882601,0.012887018,0.012867275,0.012862368,0.012908778,0.013005215,0.013120873,0.013230528,0.013308996,0.013353648,0.013407771,0.013516475,0.013669866,0.013822302,0.013921972,0.013968468,0.013995389,0.014019862,0.014054568,0.014107201,0.014170595,0.014233326,0.014284688,0.014332206,0.014402219,0.014488212,0.014563136,0.014615101,0.014643077,0.014663411,0.014668223,0.014642638,0.014605365,0.0145753,0.014552124,0.014539155,0.014547635,0.014605485,0.01472201,0.014847921,0.014962806,0.015070946,0.015179067,0.015286236,0.015375791,0.015447021,0.015513353,0.015573096,0.015620171,0.015653111,0.015686831,0.015749674,0.015837935,0.015928861,0.015975568,0.015968855,0.0159409,0.015922697,0.015932927,0.015962105,0.015997533,0.01602748,0.016045959,0.016052068,0.016063047,0.016088586,0.016124018,0.016158099,0.01617723,0.016180093,0.016169548,0.016156886,0.016155224,0.016175917,0.016212044,0.016250509,0.016280611,0.016295493,0.016294924,0.016290864,0.01629749,0.016330919,0.016377764,0.01641068,0.01640279,0.016352479,0.016286308,0.016223945,0.016169247,0.016114343,0.016052379,0.01598556,0.015909933,0.015816512,0.015698009,0.015557893,0.015407056,0.015259966,0.015125918,0.014992111,0.014841112,0.014661554,0.014455684,0.014224325,0.013946721,0.013609634,0.01324883,0.012895399,0.012558701,0.012228498,0.011899865,0.011598217,0.01132876,0.011073637,0.01082199,0.010570621,0.010316141,0.01005524,0.00978803,0.009528069,0.009291074,0.009089621,0.008921316,0.008778992,0.008656078,0.008549623,0.008462374,0.008397513,0.008352514,0.008315201,0.008272381,0.008212194,0.008139236,0.008065957,0.008007173,0.007965644,0.007927867,0.007878792,0.007808156,0.007726751,0.007648979,0.007588845,0.007542445,0.007495725,0.007432973,0.007354297,0.007279551,0.00723033,0.007223093,0.007249659,0.007297252,0.007354966,0.007408434,0.007453628,0.007488123,0.007511413,0.007521016,0.007512183,0.007482932,0.00744246,0.007400043,0.007362489,0.007329954,0.00729237,0.007237987,0.00716502,0.007075539,0.00696578,0.006828546,0.006669973,0.006507994,0.006364632,0.006247097,0.006157313,0.006098646,0.006068998,0.00605447,0.006037983,0.006001573,0.005935748,0.005865303,0.005817375,0.00580032,0.005793243,0.005767057,0.005719136,0.00566759,0.00562162,0.00558594,0.005558454,0.005544526,0.005549685,0.005566765,0.005582196,0.005582636,0.005569179,0.005555372,0.005555353,0.005569283,0.005566808,0.005526125,0.005433884,0.005330578,0.005242341,0.005161493,0.005080591,0.004996694,0.004910004,0.004819093,0.004718101,0.004635993,0.004610487,0.004601701,0.004557133,0.004444876,0.004285708,0.004136323,0.004024741,0.003958395,0.003917213,0.003881266
2023-06-28T00:10:00Z,,3.776136605,,0.003148185,0.003178013,0.00320531,0.003234648,0.003251003,0.003251006,0.003245867,0.003251262,0.003276343,0.003311791,0.003350551,0.003389067,0.003426605,0.003462234,0.003493103,0.00351954,0.003544087,0.0035662,0.003586875,0.003610048,0.003642351,0.003689074,0.003742634,0.003789625,0.0038147,0.003822032,0.003828455,0.003845901,0.003877946,0.003916489,0.003962183,0.004018449,0.004077554,0.004133163,0.004184325,0.004233573,0.004283281,0.004332094,0.004379628,0.004429346,0.004482818,0.004540056,0.004597621,0.004654028,0.00471086,0.004768632,0.004826332,0.00488119,0.004932552,0.004983575,0.00503669,0.005093574,0.005154311,0.005216349,0.005274601,0.005328359,0.005380999,0.005439907,0.005508256,0.005580921,0.005649943,0.005708066,0.005758033,0.005804793,0.005853133,0.005906804,0.005967773,0.006034909,0.006104991,0.006172849,0.006237514,0.006300316,0.006361605,0.006422272,0.006484367,0.006548838,0.006615973,0.006686878,0.006761126,0.006834536,0.00689715,0.006938325,0.006967036,0.006994872,0.007030057,0.007074086,0.00712405,0.007179055,0.007235453,0.007284562,0.007330628,0.007385564,0.007449954,0.007515553,0.007564856,0.00759469,0.00761332,0.007625319,0.007633733,0.007641023,0.007648049,0.007654356,0.007656097,0.007651199,0.007642761,0.007629309,0.007605209,0.007566316,0.007511887,0.007447913,0.007375575,0.00729309,0.007211201,0.00714248,0.007092597,0.00706042,0.007040964,0.007040543,0.007064146,0.007101541,0.007145128,0.007191795,0.007239754,0.0072865,0.007326144,0.007356869,0.007380951,0.007399351,0.007412738,0.007422797,0.007432193,0.007444049,0.007456704,0.007465719,0.007463345,0.007449,0.007429644,0.007410518,0.007393789,0.007376802,0.007356555,0.007330691,0.007298142,0.007258952,0.007217163,0.007175792,0.007135444,0.007094033,0.007048562,0.006999008,0.00694686,0.006896117,0.006851474,0.006817349,0.006793855,0.006777328,0.006761717,0.006742369,0.006717628,0.006691022,0.006666727,0.006648022,0.006630549,0.006606576,0.006568942,0.00651661,0.006454961,0.006387284,0.006314124,0.00623378,0.00614447,0.006045754,0.005937469,0.005819121,0.00569052,0.005552866,0.005408172,0.005257494,0.005100672,0.004936973,0.004765811,0.00458883,0.004409034,0.004228619,0.004043815,0.003853117,0.003662395,0.003478008,0.003303814,0.003137615,0.002978463,0.002829943,0.002690107,0.002553814,0.002417379,0.002281155,0.002149279,0.002025971,0.00191421,0.001813635,0.001724099,0.001646351,0.001579842,0.001523811,0.001477647,0.001440148,0.001409851,0.001385931,0.001367678,0.001353539,0.001341915,0.001330693,0.001319234,0.00130781,0.001297872,0.001290288,0.001284093,0.001278222,0.001271759,0.001264758,0.001257316,0.001248973,0.001239647,0.001229482,0.001218536,0.001207189,0.001196077,0.001185908,0.001177355,0.001170504,0.001165481,0.001162541,0.001160236,0.001156529,0.001149495,0.001138931,0.001126378,0.001113279,0.001100819,0.00108973,0.001080776,0.001074424,0.001069772,0.001065155,0.001058752,0.001049953,0.001039543,0.001028101,0.001015869,0.00100329,0.000991108,0.000980285,0.000969968,0.000958627,0.000944566,0.000927561,0.000908635,0.000888596,0.000868603,0.000849367,0.000832836,0.000821507,0.000815228,0.000812002,0.000809235,0.000805744,0.00080272,0.00080143,0.000802703,0.000806223,0.000811676,0.000818765,0.000826171,0.00083213,0.000834914,0.000834212,0.000831013,0.000826449,0.000821739,0.000818012,0.000816256,0.000816552,0.000817195,0.000815424,0.000807537,0.000793096,0.000775251,0.000757398,0.000741754,0.000726884,0.000711805,0.00069682,0.000681245,0.000663729,0.000642813,0.000619396,0.000596581,0.000577187,0.0005623,0.000549868,0.00053763
2023-07-11T03:30:00Z,,3.681037052,,0.011681491,0.011774467,0.011809037,0.011860248,0.011915635,0.011952888,0.011976442,0.012001162,0.012048715,0.012105781,0.012173248,0.012263646,0.012371514,0.012480115,0.012560088,0.012606481,0.012639354,0.012674515,0.012723404,0.012788079,0.01287167,0.012976687,0.01308522,0.013170393,0.013200882,0.013190247,0.013185356,0.013220235,0.013304317,0.013420483,0.013569387,0.013761942,0.013963193,0.014138696,0.014276778,0.014395042,0.014517758,0.014654723,0.014803308,0.014956169,0.015098112,0.015215463,0.015316503,0.015424768,0.015572511,0.015754105,0.01593414,0.016068541,0.016140605,0.016182514,0.016231726,0.016318802,0.016438955,0.016567914,0.016670158,0.016737952,0.01678583,0.016846569,0.016937231,0.017049442,0.017162784,0.017255682,0.017327529,0.017380581,0.017419474,0.017457946,0.017509547,0.017579459,0.01766073,0.017737091,0.017807394,0.017878064,0.017956916,0.018048736,0.018154566,0.018267587,0.018379186,0.018492786,0.0186077,0.018711486,0.018774251,0.018766964,0.018734941,0.018722597,0.01876699,0.018864817,0.018986223,0.0191091,0.019211308,0.019284828,0.019366438,0.019502082,0.019678761,0.01985029,0.019955769,0.01999235,0.019996336,0.019988286,0.01998543,0.020003407,0.020046993,0.020113566,0.02018247,0.020242236,0.020300983,0.020355648,0.020397715,0.020429316,0.020451964,0.020460884,0.020432211,0.020340228,0.020222266,0.020122273,0.020059712,0.020038132,0.020052874,0.020120753,0.020244525,0.020375209,0.020492107,0.020602477,0.020714895,0.020829243,0.020924991,0.02099843,0.021062624,0.021120546,0.021170698,0.021210837,0.02125043,0.021309112,0.021382238,0.021449814,0.021470912,0.021441292,0.021396853,0.021372421,0.021387146,0.021423039,0.021455982,0.021462046,0.021438667,0.021395632,0.021365053,0.021362613,0.021379618,0.021395883,0.021389867,0.021360191,0.021311798,0.021257585,0.021212628,0.021190763,0.021191807,0.021207386,0.021225806,0.021237413,0.021235486,0.02122467,0.021211898,0.021208794,0.021211236,0.021206778,0.021180682,0.021128659,0.021060276,0.02098038,0.020888883,0.02078859,0.020684187,0.020582262,0.020471888,0.020333852,0.020155849,0.019944554,0.019718943,0.019495025,0.019276015,0.019044271,0.018779441,0.018472717,0.018134891,0.01777793,0.017389253,0.016954567,0.016492839,0.016020334,0.015544291,0.015072607,0.014620654,0.014220824,0.013859909,0.013495605,0.013098247,0.012669403,0.012228605,0.011791982,0.011368356,0.010965366,0.010592243,0.010258952,0.009971248,0.009734757,0.009558658,0.009436787,0.00934578,0.009261599,0.009165044,0.009063266,0.008968893,0.008895535,0.008845497,0.008816527,0.008808887,0.008814006,0.008810845,0.008777139,0.00870031,0.00859951,0.008498185,0.008415581,0.008348145,0.008281281,0.008199474,0.008104497,0.008017642,0.007962839,0.007958547,0.007990789,0.008039135,0.008083807,0.008108745,0.008111917,0.008091311,0.008051275,0.007998106,0.007936024,0.007870163,0.007806873,0.007752288,0.007709662,0.007675171,0.007639932,0.007595477,0.007542561,0.007479845,0.007398867,0.007290117,0.007161775,0.007034321,0.006930426,0.006848952,0.006779405,0.006710844,0.00663722,0.006553983,0.006453001,0.006326977,0.006179686,0.006043257,0.005950607,0.005904611,0.005879472,0.005843944,0.00579413,0.005748422,0.005718151,0.005706842,0.005698841,0.005685087,0.005658677,0.005625014,0.005591675,0.005565352,0.005549478,0.005543866,0.005550169,0.00556155,0.005552807,0.005501273,0.005391084,0.005258624,0.005136147,0.005033816,0.004955088,0.004897651,0.004855796,0.004813637,0.00473488,0.004616408,0.004474886,0.004334978,0.004224554,0.004171462,0.004167038,0.004171538,0.004138323,0.004043064,0.003907976,0.003755042
2023-08-09T04:30:00Z,,3.709093912,,0.011979617,0.012099261,0.012197245,0.012294034,0.012357413,0.012385363,0.012401321,0.012428868,0.012476904,0.012527654,0.012592798,0.012690523,0.012816444,0.012946617,0.013046683,0.013113658,0.013165821,0.013218501,0.013282748,0.013363194,0.013463649,0.013584707,0.013707172,0.013806348,0.013858716,0.013884399,0.013923424,0.013988185,0.014075637,0.014167101,0.014279751,0.01443535,0.014604275,0.014763818,0.014912925,0.015060275,0.015212912,0.01536256,0.015506194,0.015653094,0.015801555,0.015944823,0.016075841,0.016203155,0.016350671,0.016521362,0.016697693,0.016845607,0.016948752,0.017026088,0.017105478,0.01721283,0.017351129,0.017501685,0.017627963,0.017717138,0.017781219,0.017855363,0.017960298,0.018083403,0.018197659,0.018276936,0.018331936,0.018382226,0.018445567,0.018527801,0.018623437,0.018718125,0.018798753,0.018859929,0.018913587,0.018978761,0.01905964,0.019152796,0.019249642,0.019344373,0.019437231,0.019543259,0.019670778,0.019806215,0.019912001,0.019946592,0.019937883,0.019928207,0.019949677,0.020007237,0.020086948,0.020186759,0.020299976,0.020405029,0.020507765,0.020631054,0.02076974,0.020899783,0.02097913,0.021007457,0.021016995,0.021025238,0.021040226,0.021060799,0.021084661,0.021108616,0.021122501,0.021121381,0.021116516,0.021111031,0.021098959,0.021071797,0.021023581,0.020956234,0.020862738,0.020731884,0.020587519,0.020458616,0.020355099,0.020278216,0.020227428,0.02022705,0.020291693,0.020386429,0.020484671,0.020577416,0.020666146,0.020751976,0.020823992,0.020877637,0.020915722,0.02093695,0.020940907,0.020935089,0.020933308,0.020953666,0.020991116,0.021027817,0.021029672,0.020988171,0.020923362,0.020857187,0.020804859,0.020762306,0.020722535,0.020678177,0.020625411,0.020563543,0.020500952,0.020441431,0.020381165,0.020313201,0.02023265,0.020145778,0.020059644,0.019980267,0.019912278,0.019859821,0.01982406,0.019801808,0.019786275,0.01976652,0.019732151,0.019684853,0.019631924,0.019587734,0.019548246,0.019500618,0.019430728,0.019336615,0.019229705,0.019115562,0.018992534,0.018856218,0.018703214,0.018534745,0.018348732,0.018140534,0.017906613,0.017648584,0.017372446,0.017082298,0.016779123,0.016459842,0.01612141,0.015765753,0.015395884,0.015011806,0.014597652,0.014148235,0.013680889,0.013211258,0.012748811,0.012295226,0.01185627,0.01144866,0.011065825,0.01068929,0.010303475,0.009904205,0.009498317,0.009092746,0.008695754,0.008319018,0.007975654,0.007677688,0.007424507,0.007211993,0.00703928,0.00690282,0.006794996,0.006709624,0.006641265,0.006586575,0.006543124,0.006506667,0.006472654,0.006436991,0.006399521,0.006361519,0.006321866,0.006278846,0.006231908,0.006186191,0.006147747,0.00612022,0.006096573,0.006064859,0.006012472,0.005940335,0.005865659,0.005806574,0.005774765,0.005760968,0.005753301,0.00574221,0.005723748,0.005696439,0.005659736,0.005617884,0.00557885,0.005549597,0.005530217,0.005510645,0.005479518,0.005430598,0.005372227,0.005318135,0.005278169,0.005250916,0.005227199,0.005198141,0.005158449,0.005107447,0.005044714,0.004969722,0.004886823,0.004802175,0.004720085,0.004640754,0.004562529,0.004485775,0.004415424,0.004351215,0.004292997,0.004241917,0.004197385,0.004157378,0.004118362,0.004078972,0.004042635,0.004012549,0.003989311,0.00397219,0.003960999,0.003956216,0.003953471,0.003946425,0.003929272,0.003904059,0.003879458,0.00386391,0.003860391,0.003858024,0.003844696,0.003808278,0.003754606,0.003695282,0.003638461,0.003584714,0.003531496,0.003477521,0.003424113,0.003370324,0.003316164,0.003265549,0.003219086,0.003175025,0.003131638,0.003086243,0.003034835,0.002971576,0.002893516,0.00281049,0.002734242
2023-08-23T00:10:00Z,,3.697894068,,0.011070045,0.011168112,0.011254956,0.011339009,0.01138084,0.011383612,0.011383511,0.01141676,0.011494229,0.011581618,0.011669001,0.011758031,0.011854,0.011951232,0.01203393,0.01210044,0.012159544,0.012218534,0.012285537,0.012369582,0.012476447,0.012607556,0.01274279,0.012856164,0.012922689,0.012958924,0.013001836,0.013064504,0.013147006,0.01323729,0.013357489,0.013532458,0.013728302,0.013912276,0.014070454,0.014208313,0.014338802,0.014465511,0.014593535,0.014732451,0.014875217,0.015008623,0.015122583,0.015225533,0.01534355,0.015486081,0.015644319,0.015790791,0.015908842,0.016005634,0.016098458,0.016205781,0.016333814,0.016470768,0.016587987,0.016677007,0.016749798,0.016836329,0.016951786,0.017079816,0.017196748,0.017282076,0.017344955,0.017397921,0.017447878,0.017504915,0.017579799,0.017676231,0.017787027,0.017888887,0.017974933,0.018049802,0.018123064,0.018200351,0.018279125,0.018355355,0.018429014,0.018519919,0.018641755,0.018785021,0.018908539,0.018961422,0.018962281,0.018949644,0.018962801,0.019013303,0.019092001,0.019194939,0.019312107,0.01941974,0.019520341,0.01963347,0.019756986,0.019873901,0.019954284,0.019999574,0.020034219,0.0200621,0.020081237,0.02009272,0.0201034,0.020123689,0.020151074,0.0201833,0.020226556,0.02027439,0.020308551,0.020311904,0.020276198,0.020212541,0.020125277,0.020014281,0.019902443,0.019811985,0.019740547,0.019683146,0.019640031,0.019643297,0.01971589,0.019825209,0.01994236,0.020051826,0.020152116,0.020243814,0.020319282,0.020378632,0.020430026,0.020475994,0.020515696,0.020547579,0.020575734,0.02061104,0.020655376,0.020702357,0.020726589,0.020717415,0.02068305,0.02063847,0.020598563,0.020567562,0.020543997,0.020519249,0.02048538,0.020438415,0.020392141,0.020356952,0.020334142,0.020313948,0.020282422,0.02023637,0.020177555,0.020115409,0.020060874,0.020023901,0.020004682,0.019997519,0.019993898,0.019984528,0.019962406,0.019929626,0.019892764,0.019864566,0.01984287,0.019818241,0.019778637,0.01971933,0.019644322,0.019553219,0.019441855,0.019308645,0.019154326,0.018986802,0.018810384,0.018625592,0.018424691,0.018200001,0.017947853,0.017669498,0.017371663,0.017058585,0.016732125,0.016392041,0.016038752,0.01567049,0.0152717,0.014837664,0.014385376,0.013931439,0.013487017,0.013052587,0.012630822,0.012231758,0.011844872,0.011449201,0.011030165,0.01058909,0.010141065,0.009698469,0.009270514,0.008867017,0.008499894,0.008182476,0.007914333,0.007690888,0.007511033,0.007370372,0.007259831,0.007170989,0.007095669,0.007030643,0.006974252,0.006924588,0.006878431,0.006832298,0.00678598,0.006742408,0.006705118,0.006677804,0.006661237,0.006649017,0.006633768,0.006608784,0.006575056,0.006536457,0.006494912,0.00645179,0.006409954,0.006373052,0.0063439,0.006318355,0.00629118,0.006258653,0.006220908,0.006179865,0.006136873,0.006091498,0.006041498,0.005984737,0.005922274,0.005860471,0.005806415,0.005764308,0.005730216,0.005696887,0.005656571,0.005607485,0.005555751,0.005508346,0.005470137,0.005435846,0.0053979,0.005346538,0.005279054,0.005196781,0.005102099,0.005000978,0.004900428,0.004807425,0.004726298,0.004652917,0.004583704,0.004521044,0.004467099,0.004422307,0.004383532,0.004345897,0.004308473,0.004270156,0.004231837,0.0041977,0.004173611,0.004164516,0.004164338,0.004162325,0.004148134,0.004121555,0.004091537,0.004067654,0.004054875,0.004046955,0.004035896,0.004012809,0.003978259,0.003936096,0.003886929,0.003829063,0.003762589,0.003687858,0.003610023,0.003533247,0.003463321,0.003407085,0.003360104,0.003314206,0.003262897,0.003206183,0.003147268,0.003086624,0.003021389,0.002949963,0.002871614
2023-09-05T00:00:00Z,,3.849017836,,0.005880382,0.005965047,0.006042002,0.006111966,0.006150839,0.00616177,0.006169466,0.006196608,0.006251949,0.006316087,0.006381774,0.006448613,0.006518741,0.006589745,0.006654095,0.006710707,0.006762899,0.006810919,0.00685687,0.006906597,0.006968727,0.007050051,0.007141095,0.00722482,0.007281765,0.007318795,0.007358129,0.007411777,0.007481502,0.007556189,0.007641057,0.007744418,0.00785135,0.007951353,0.008045475,0.008139013,0.008235127,0.008327831,0.008414783,0.008503081,0.008596846,0.008697041,0.008796709,0.008892981,0.008989594,0.009089276,0.009191563,0.009289598,0.009379555,0.009464503,0.009549698,0.009640763,0.009740972,0.009846234,0.009944479,0.010029788,0.010103879,0.010179009,0.010263754,0.010357205,0.010452887,0.010543165,0.010627033,0.01070327,0.010768763,0.010829578,0.010897859,0.010982687,0.011084113,0.011187236,0.011284381,0.011373738,0.011457673,0.011539155,0.011620045,0.011701446,0.011785189,0.011878645,0.011984802,0.012094596,0.012185339,0.012232357,0.012253773,0.012276332,0.012321453,0.012392557,0.012480469,0.012582246,0.012690955,0.012789479,0.012880186,0.012978537,0.013087025,0.013195996,0.013281194,0.013339647,0.013385453,0.013426393,0.013467793,0.013514501,0.013569992,0.013635356,0.013701919,0.013762836,0.013821946,0.013878844,0.013928461,0.013966017,0.013989109,0.014000547,0.013995489,0.013965109,0.013926063,0.013898963,0.013890907,0.01390035,0.013922069,0.013969344,0.014052004,0.014151752,0.014256437,0.014364436,0.014474212,0.014581519,0.014673758,0.014747261,0.014807713,0.014858524,0.014902379,0.014943297,0.014988185,0.015045934,0.01511285,0.015177873,0.015219495,0.015232587,0.015230457,0.015229367,0.015241488,0.01526431,0.015291105,0.015311678,0.015320902,0.015318056,0.015314801,0.015319291,0.015332154,0.015346271,0.01535173,0.015346537,0.015331675,0.015312632,0.015296459,0.015289961,0.015294653,0.015308981,0.015330086,0.015352762,0.015370779,0.0153815,0.015386166,0.015393408,0.015404003,0.015414268,0.015416291,0.015404397,0.015376938,0.015330948,0.015264753,0.015183443,0.015093281,0.015001423,0.014906962,0.014804581,0.014685396,0.014543693,0.014378562,0.014192452,0.013990903,0.013775826,0.01354627,0.013298453,0.013035996,0.012764475,0.012481354,0.012183915,0.011874668,0.011554985,0.011225965,0.010892877,0.010563547,0.010249115,0.009943646,0.009633027,0.009309107,0.008973012,0.008632104,0.008290052,0.007948621,0.007618561,0.007314421,0.007054374,0.006839632,0.00666471,0.006523942,0.006410156,0.00631629,0.006237456,0.006170985,0.006115713,0.006071261,0.006036245,0.006007513,0.005981618,0.005957312,0.005935302,0.005916646,0.005903032,0.005895549,0.005890857,0.005884679,0.005871359,0.005849878,0.005821262,0.005785978,0.005747129,0.005711186,0.005685213,0.005672783,0.005664913,0.005650598,0.005621425,0.005579699,0.005532525,0.005485363,0.005439704,0.005393631,0.005345757,0.005297302,0.005250679,0.005208392,0.005170622,0.005136153,0.005103667,0.005071489,0.005038945,0.005007258,0.004978464,0.004954382,0.004930575,0.004901002,0.004857537,0.004799251,0.004728684,0.004648319,0.004561741,0.004472756,0.004385672,0.004304798,0.004228882,0.004157307,0.004092364,0.004037058,0.003993281,0.00396109,0.003936486,0.003914689,0.003891325,0.003864434,0.003838562,0.003819225,0.003811169,0.003809577,0.003806057,0.003792435,0.003767912,0.003738726,0.003711427,0.003690832,0.003674316,0.003658215,0.003636387,0.003606168,0.003565939,0.003511922,0.003445891,0.003376931,0.003315999,0.003271093,0.003236102,0.003204039,0.003170836,0.003132389,0.003083721,0.003019823,0.002943819,0.0028655,0.002793414,0.002730778,0.002672478,0.002612977
2023-09-20T00:00:00Z,,3.665110797,,0.011030816,0.0111453,0.011234952,0.011312665,0.011343762,0.01133215,0.011315362,0.011335583,0.011409363,0.011503381,0.011597591,0.011682115,0.011759761,0.011832879,0.011899429,0.011964109,0.012033414,0.012104225,0.012176301,0.012254526,0.012348215,0.012463501,0.012583463,0.012682951,0.012736167,0.012761073,0.012797281,0.012860626,0.012949947,0.013044539,0.013158493,0.013312071,0.013481699,0.013646036,0.013798973,0.013942863,0.014080644,0.01420719,0.014322865,0.014439433,0.014555757,0.014665655,0.014766023,0.014866715,0.01498917,0.015132527,0.015276789,0.015392045,0.015467393,0.015527126,0.01559851,0.015703621,0.015837992,0.015980068,0.016096995,0.01617856,0.016237065,0.016304168,0.016399899,0.016517228,0.016633393,0.016723184,0.016786136,0.016829273,0.016861255,0.016895854,0.016948202,0.017024904,0.017120769,0.017213083,0.01729267,0.017360424,0.017423645,0.017489574,0.017562584,0.017642745,0.017728888,0.017826893,0.017938561,0.018052766,0.018141225,0.018173313,0.018172535,0.018170756,0.018187581,0.018223948,0.018269918,0.018331936,0.018410585,0.018486483,0.0185608,0.018648494,0.01874814,0.018843356,0.018900671,0.018915948,0.018908714,0.018890661,0.018870079,0.018854002,0.018844255,0.018837863,0.01882598,0.018806462,0.018794823,0.018790786,0.018778014,0.018736842,0.018656124,0.018546936,0.01841305,0.01825338,0.01809342,0.017961911,0.017869935,0.017812428,0.01777509,0.017769206,0.017805207,0.017863836,0.01793324,0.018012955,0.018098644,0.018181557,0.018243956,0.018281912,0.018305236,0.018319092,0.018325579,0.018325884,0.018325628,0.018335051,0.018352081,0.018366384,0.018354094,0.018309261,0.018246402,0.018181511,0.018125697,0.018075889,0.018027007,0.017973833,0.017912975,0.017843197,0.017771176,0.017701153,0.017632221,0.017558598,0.017474628,0.017384514,0.017295246,0.017216096,0.01714942,0.017093883,0.017041869,0.016989535,0.016939498,0.01689483,0.016856776,0.016821604,0.016787119,0.016755453,0.016722265,0.016679405,0.016615952,0.01652892,0.016424811,0.016309157,0.01618462,0.016049104,0.015899448,0.015733558,0.015552281,0.015356765,0.015146444,0.01491963,0.014673721,0.014406511,0.014117828,0.013810286,0.013485883,0.013147307,0.01279935,0.012445629,0.012078932,0.011694881,0.011300305,0.010902136,0.01050633,0.010117022,0.00974092,0.009388945,0.009051872,0.008710956,0.008353188,0.007980286,0.007606624,0.007244872,0.006903479,0.006585393,0.006294298,0.006035383,0.005810598,0.005622168,0.005475086,0.005366529,0.005283701,0.005214557,0.005150321,0.005093246,0.005048151,0.005018989,0.005000009,0.004981216,0.004954522,0.004919197,0.004881421,0.004847538,0.004821567,0.004800874,0.004781877,0.004760785,0.004736814,0.004710548,0.004682206,0.00465246,0.004622572,0.004593537,0.0045659,0.004540532,0.004518842,0.004503986,0.004491682,0.004473899,0.004441597,0.004393196,0.004337154,0.004282079,0.004234792,0.004195904,0.004165082,0.004142024,0.004122435,0.00410077,0.004070036,0.004029434,0.00398674,0.003950581,0.003927177,0.003909541,0.003888364,0.003853177,0.003801987,0.003737223,0.003661082,0.003578264,0.003495146,0.003418469,0.003353807,0.003297997,0.003248346,0.003204352,0.003166368,0.003134369,0.003107438,0.003084444,0.003065293,0.003049466,0.0030354,0.003021641,0.003007553,0.002992781,0.002976916,0.002959008,0.002938232,0.002915516,0.002892818,0.002872249,0.002854678,0.002838041,0.002820259,0.00279857,0.002773204,0.002744482,0.002709893,0.002668779,0.002625312,0.002585465,0.002553543,0.002521498,0.002480357,0.002424529,0.002361747,0.002303656,0.002261355,0.002233257,0.002207527,0.002171738,0.002119611,0.002057522,0.001992891
2023-09-26T05:50:00Z,,3.691517354,,0.012009389,0.012098933,0.012177976,0.01226656,0.012315681,0.012317771,0.012306692,0.012331963,0.012413431,0.012515509,0.012621699,0.012727173,0.012833722,0.012935685,0.013019054,0.013087365,0.013153408,0.013219976,0.013290649,0.013371569,0.013477517,0.013620174,0.013778278,0.013913455,0.013981658,0.014002662,0.014031345,0.014096735,0.014203038,0.014323244,0.014470967,0.014665572,0.014866742,0.015045113,0.015199766,0.01535107,0.015520204,0.015700233,0.015882206,0.016060705,0.016226942,0.016372408,0.016498464,0.016621158,0.016767854,0.016940377,0.017118483,0.017269667,0.017379768,0.017469182,0.017564179,0.017688323,0.017844797,0.018014276,0.018157578,0.01825858,0.01832653,0.018397944,0.018497089,0.018618153,0.018740088,0.018840474,0.018923502,0.018995943,0.019058861,0.019119606,0.019189737,0.019278146,0.019383195,0.019485745,0.019579071,0.019665577,0.019752141,0.01984496,0.019946696,0.020052701,0.020157154,0.020273261,0.020411416,0.020565378,0.020696069,0.020753982,0.020761597,0.020759511,0.020784312,0.020846157,0.020936549,0.021057323,0.021202197,0.021343908,0.021485718,0.021650693,0.021833153,0.022009297,0.022139281,0.022225124,0.022299525,0.022371152,0.022441251,0.022513085,0.02259215,0.02268319,0.022774073,0.022856647,0.0229445,0.023041548,0.02314121,0.02323634,0.023321578,0.023395622,0.023442309,0.023436665,0.023399449,0.023361304,0.023338164,0.023338057,0.023366806,0.023448583,0.023592699,0.023754065,0.02390444,0.024043913,0.024180606,0.024318472,0.024440989,0.024542192,0.024629328,0.024709162,0.02478764,0.024869849,0.024962314,0.025071009,0.025184281,0.02528105,0.025330693,0.025333445,0.02532168,0.025325437,0.025361092,0.02541485,0.025468681,0.025505462,0.025522949,0.025528033,0.025544746,0.025585862,0.025647276,0.025713508,0.025765889,0.025799695,0.025816227,0.025826011,0.025841703,0.025874691,0.025923876,0.025983714,0.026048364,0.026108918,0.026157578,0.026197761,0.026240513,0.026307783,0.026395074,0.026484501,0.02654717,0.026569208,0.026557722,0.026519197,0.026459324,0.026382557,0.026294289,0.026203608,0.026110198,0.026008455,0.025888371,0.025741465,0.025562397,0.025352931,0.025122008,0.024872441,0.024605119,0.024322417,0.024027331,0.023718413,0.023361975,0.02293835,0.02246468,0.021959142,0.021440879,0.020929299,0.020447164,0.020017163,0.019609816,0.019173166,0.018686368,0.018163259,0.017633104,0.017110119,0.016590819,0.016082859,0.015600899,0.015172599,0.014806896,0.01450432,0.014263482,0.014075465,0.013926866,0.013803804,0.013691764,0.01358866,0.013495738,0.013415274,0.013344728,0.013279813,0.013222128,0.013172966,0.013127599,0.013081818,0.01303431,0.012988395,0.012947318,0.012908057,0.012864553,0.012809995,0.012735654,0.012643462,0.012549316,0.012470536,0.012418242,0.012379877,0.012340613,0.012295338,0.012248045,0.012205153,0.012166925,0.012127198,0.012079995,0.012023126,0.011965009,0.011911083,0.011864701,0.011817216,0.011761776,0.01169489,0.011613867,0.011522655,0.011430294,0.011345092,0.011268571,0.011190292,0.011097817,0.010978678,0.010834031,0.010670536,0.010495734,0.010320355,0.010156576,0.010019248,0.009916858,0.009826199,0.009721417,0.009593581,0.009459906,0.009342959,0.009253872,0.009185484,0.00912944,0.009078878,0.009031283,0.00898909,0.008956283,0.008934933,0.008918027,0.00889466,0.008855898,0.00880683,0.008762799,0.008740463,0.008744571,0.008753825,0.008742402,0.008684855,0.008591228,0.008484192,0.008376764,0.00826557,0.008146866,0.008019283,0.007891216,0.007764536,0.007642652,0.007540991,0.007456895,0.007377546,0.007286744,0.007175625,0.007047878,0.006906367,0.006755987,0.006602719,0.006450883
2023-11-01T00:30:00Z,,3.671016608,,0.006590162,0.006659132,0.006718769,0.006778296,0.006808198,0.00680388,0.00678881,0.006793823,0.006835333,0.006892976,0.006953528,0.007011071,0.007068054,0.00712518,0.007177881,0.007224692,0.007267047,0.007302722,0.007333723,0.007368854,0.007418845,0.007491207,0.0075718,0.007639072,0.007670261,0.007675511,0.007684522,0.007713532,0.007765368,0.007825098,0.007897288,0.007991359,0.008090972,0.008182121,0.008261962,0.008336385,0.008411633,0.008486322,0.008559734,0.008636899,0.008717475,0.008798553,0.008875798,0.008951259,0.009033797,0.009123361,0.009211351,0.009283196,0.009334119,0.009377743,0.009429731,0.009503054,0.00959544,0.009694132,0.00977911,0.009844861,0.009899392,0.009961991,0.010043225,0.010135732,0.010224936,0.010296584,0.010354006,0.010403538,0.010450153,0.010499469,0.01055617,0.010621918,0.010693308,0.010760362,0.010820538,0.010875734,0.010928003,0.010978751,0.011028153,0.011076692,0.011126607,0.011185841,0.011257624,0.011332645,0.011388141,0.011399641,0.011384805,0.01136795,0.011368609,0.01138967,0.011423318,0.011467995,0.011517259,0.011554373,0.011580403,0.011607141,0.011637547,0.01166413,0.011667748,0.011647318,0.01161506,0.011576007,0.011533137,0.011489596,0.011446622,0.011403425,0.011353121,0.011292199,0.011226311,0.011153955,0.011066576,0.010954473,0.010814117,0.0106575,0.01048981,0.01031152,0.010137209,0.009983655,0.009860727,0.009769381,0.009705183,0.009677101,0.009689425,0.009721347,0.009758454,0.009795451,0.009831105,0.009863707,0.009887307,0.009900808,0.009907484,0.009905077,0.009890614,0.009866348,0.009839037,0.009819041,0.009806164,0.009793828,0.009766566,0.009719842,0.009661631,0.009600585,0.009542835,0.009487456,0.009432319,0.009374721,0.00931088,0.009237557,0.009157365,0.009073897,0.008989717,0.008903245,0.008811374,0.00871526,0.008617968,0.008525223,0.008441827,0.008371864,0.008315836,0.008270665,0.008230858,0.008190367,0.008144263,0.008092979,0.008039758,0.007991825,0.007947589,0.007900753,0.007841349,0.007764881,0.007674257,0.007572856,0.007463993,0.007349413,0.007230072,0.007105768,0.006974028,0.006831002,0.006672477,0.006498118,0.006311064,0.006114813,0.005911955,0.005702236,0.005483924,0.005255265,0.005020976,0.004787851,0.004559766,0.00433722,0.004120722,0.003911072,0.003708006,0.0035095,0.003314565,0.003125475,0.002943603,0.002769286,0.002605027,0.002450923,0.002303433,0.002158245,0.002012954,0.001874389,0.001751837,0.001654666,0.001580463,0.001522103,0.001474051,0.001433352,0.00139963,0.001372848,0.001352065,0.001334816,0.001318699,0.001302064,0.001286315,0.001274366,0.00126947,0.001270896,0.001272915,0.001269628,0.001257507,0.00124015,0.001222147,0.001207299,0.001195945,0.001186945,0.001179265,0.001172795,0.001167751,0.001164477,0.001163549,0.001164772,0.00116783,0.001172062,0.001174187,0.001170761,0.001158097,0.001136679,0.001111461,0.001087319,0.001067895,0.001052716,0.001040819,0.00103125,0.001023523,0.001017411,0.001012775,0.001009194,0.001005405,0.000999829,0.000991367,0.000980662,0.000968666,0.000955955,0.000941647,0.000924169,0.00090171,0.000875604,0.000850389,0.00083078,0.000818406,0.000806267,0.000788769,0.000762249,0.000732655,0.000707827,0.000694506,0.000693388,0.000698912,0.000705027,0.000707037,0.00070386,0.000695699,0.000683165,0.000670109,0.000661304,0.000661348,0.000668813,0.000676475,0.000676979,0.000666328,0.00064855,0.000629239,0.000613245,0.000602635,0.000596491,0.000591865,0.000587158,0.000582372,0.00057806,0.00057441,0.000570228,0.000566891,0.000567043,0.000569219,0.000571052,0.000570885,0.000567765,0.000560964,0.000547747,0.00052759,0.000505434,0.00048628
2022-02-09T23:55:00Z,,4.446221427,,0.002313861,0.002319167,0.002322939,0.002338332,0.002359182,0.002378082,0.002393627,0.002407642,0.002424069,0.002441543,0.002462288,0.002489712,0.002522261,0.002555821,0.002584888,0.002609041,0.002631312,0.002652812,0.002674257,0.002697406,0.002725357,0.002761407,0.002802497,0.002842389,0.002873005,0.002894799,0.002914674,0.002935888,0.002960245,0.002988223,0.003026359,0.003081322,0.003142826,0.003200516,0.003249942,0.003293484,0.003335372,0.003376274,0.003416317,0.003457621,0.003499919,0.003542046,0.0035831,0.00362551,0.003675077,0.003732142,0.003792145,0.003847431,0.003894147,0.003935719,0.003977185,0.004023325,0.004075253,0.004130041,0.004181243,0.004227039,0.004270165,0.004318013,0.004374397,0.004435935,0.004497179,0.004553162,0.004605293,0.004655278,0.004703444,0.004751841,0.004803431,0.004860305,0.004921546,0.004981554,0.005038035,0.005091288,0.005144129,0.005199835,0.005260647,0.005325756,0.005392778,0.005463046,0.005536788,0.005609783,0.005671097,0.00570893,0.005734147,0.00576157,0.005803304,0.005860441,0.005926026,0.005996283,0.006066198,0.006128099,0.006184562,0.006244196,0.006309922,0.006379129,0.006442561,0.00649841,0.006549933,0.00659668,0.006639111,0.006681969,0.006729031,0.006781622,0.006833991,0.006881379,0.006926037,0.0069696,0.007012553,0.007055166,0.007096784,0.007134883,0.007163007,0.00717352,0.00717578,0.007181987,0.007197259,0.007222061,0.007254821,0.007303327,0.007372325,0.007449448,0.007524789,0.007593634,0.007657002,0.007717017,0.007774062,0.007829286,0.00788443,0.00793752,0.007985574,0.008028063,0.008067023,0.008107152,0.008149928,0.008194399,0.008234964,0.008270167,0.008303446,0.008336249,0.008368174,0.008397624,0.00842402,0.008448657,0.008471343,0.008491642,0.008511644,0.008532113,0.00855156,0.00856735,0.00857749,0.008584025,0.008590001,0.008599437,0.008614307,0.008635202,0.008658494,0.008681963,0.008706613,0.008733755,0.008763724,0.008793662,0.008821379,0.00884743,0.008870672,0.00888857,0.008896592,0.008893788,0.008884066,0.008870745,0.008855461,0.008836366,0.008811062,0.008777604,0.008733794,0.008676904,0.008605126,0.008520474,0.008428399,0.008333055,0.008235543,0.008131757,0.008017304,0.00789115,0.007755398,0.007611541,0.007451818,0.007274157,0.007089819,0.006909359,0.006737851,0.006570108,0.006401943,0.006236797,0.006074186,0.005910762,0.005745884,0.005580626,0.005415702,0.005251008,0.005086725,0.004927254,0.004778067,0.004644972,0.004530872,0.004438101,0.004369248,0.004321155,0.004284599,0.004251087,0.004215566,0.004181603,0.004153998,0.004134727,0.004120162,0.00410464,0.004085223,0.004062614,0.004039075,0.004016799,0.003997833,0.003984366,0.003978798,0.003981507,0.003987916,0.003992028,0.003988776,0.003978037,0.003962141,0.0039424,0.003918761,0.003891205,0.003859864,0.003825561,0.00379099,0.003760397,0.00373881,0.003726593,0.003718172,0.003707969,0.003692563,0.003674444,0.003656604,0.003640957,0.003627334,0.0036152,0.00360327,0.003591908,0.003584124,0.003583501,0.003591735,0.003601388,0.003603407,0.003588293,0.003555154,0.003506423,0.003444168,0.003372968,0.003299422,0.003230438,0.003170988,0.003118784,0.003072055,0.0030322,0.0030002,0.002975595,0.002956107,0.002938158,0.002919784,0.002898861,0.002875129,0.002853807,0.002841269,0.002843391,0.002854541,0.002864768,0.002864086,0.00285067,0.00283107,0.002812021,0.002798868,0.002790296,0.002784332,0.002777023,0.00276574,0.002748047,0.002719795,0.002681774,0.002640646,0.002603848,0.002575909,0.002551007,0.002523273,0.002490171,0.002453007,0.00241329,0.002371777,0.002328735,0.002284619,0.002239975,0.002195213,0.00215036,0.002104582
2022-02-22T23:55:00Z,,3.832419039,,0.002355486,0.002349518,0.002344595,0.002360998,0.002389486,0.002416368,0.002438519,0.002457925,0.002480791,0.002502967,0.002523972,0.002547935,0.00257661,0.002608593,0.002638235,0.00266273,0.002684185,0.002704315,0.002725169,0.002750392,0.002783121,0.002826828,0.002874529,0.00291622,0.002940284,0.002949482,0.002959487,0.002980584,0.003015744,0.003056235,0.003100057,0.003150026,0.003201007,0.003247949,0.003290588,0.003331947,0.003373609,0.003414028,0.003451182,0.003488445,0.003527805,0.003570294,0.003614613,0.003661185,0.003713206,0.003769802,0.003826438,0.003876446,0.003916925,0.00395189,0.003986212,0.004024341,0.004067961,0.004115184,0.004161007,0.004204198,0.004246555,0.004294393,0.004349686,0.004408109,0.004463446,0.004510347,0.004551876,0.004591534,0.004632244,0.004676586,0.004725551,0.004777873,0.004830727,0.004880578,0.004928406,0.004977135,0.005027702,0.00508116,0.00513779,0.005196655,0.005256421,0.005318553,0.00538254,0.005442862,0.005488669,0.005509839,0.005520955,0.005535996,0.005564372,0.00560541,0.005652807,0.005705713,0.005759275,0.005802094,0.005834554,0.005862466,0.00589042,0.005918873,0.005942049,0.005959716,0.005972297,0.0059745,0.0059648,0.00595156,0.005941491,0.005937756,0.005934189,0.005925708,0.005913776,0.005896121,0.00586805,0.005827167,0.005773734,0.005713741,0.005649009,0.005579245,0.005513162,0.005457826,0.005412896,0.00537805,0.005355212,0.005355079,0.005382103,0.005418313,0.005451973,0.005478859,0.005501806,0.005523506,0.005542258,0.005558553,0.005574862,0.005589583,0.005599451,0.005602382,0.005600457,0.005600166,0.005603042,0.005606774,0.005602064,0.005586083,0.005563705,0.005539395,0.005516273,0.005494957,0.005475226,0.005455567,0.005432365,0.005402175,0.005367716,0.00533171,0.005294677,0.005255417,0.005212713,0.005169452,0.005128743,0.005093177,0.005063069,0.005037917,0.00501584,0.004995781,0.00497875,0.004964578,0.004951704,0.00493733,0.00491996,0.004902143,0.004883672,0.004862217,0.004831985,0.004790727,0.004742311,0.0046906,0.004637758,0.004581542,0.004519002,0.004448532,0.004370925,0.004287506,0.004199925,0.004108319,0.004010734,0.003904794,0.003789337,0.003666598,0.003539082,0.003411104,0.003285212,0.003161534,0.003033718,0.002895969,0.002754335,0.002616254,0.002487595,0.002367812,0.002256743,0.002157876,0.002068187,0.001979835,0.001888075,0.001794446,0.001703152,0.001617641,0.001539189,0.001467479,0.00140272,0.001346056,0.00129802,0.001259136,0.001229814,0.001208664,0.001193169,0.001181288,0.001171754,0.001165031,0.001162063,0.001163316,0.001166923,0.001170087,0.001170543,0.001167199,0.001159732,0.001147454,0.00112885,0.001102049,0.001064695,0.001014128,0.000957023,0.000907364,0.000879986,0.000882513,0.000904113,0.000932686,0.000958207,0.00097687,0.000986364,0.000983943,0.000971335,0.00095576,0.000944402,0.000939119,0.000936773,0.000934487,0.000930637,0.000924854,0.000915491,0.000900672,0.000881757,0.000863109,0.000849299,0.00084589,0.000853921,0.000872497,0.000898073,0.000922077,0.000938972,0.000944124,0.000938849,0.000924068,0.000899288,0.000866018,0.000829847,0.000797622,0.000772469,0.000749659,0.000729281,0.000713062,0.000704492,0.000702101,0.000702339,0.000702871,0.000703268,0.000703415,0.000703894,0.000705734,0.000707786,0.000708215,0.0007052,0.000700174,0.00069656,0.000696221,0.000698213,0.000699774,0.000698251,0.000692143,0.000681494,0.000667035,0.000653761,0.00064405,0.000636202,0.000629118,0.000621888,0.000611743,0.000596346,0.000575797,0.000558211,0.000553752,0.000557942,0.000561125,0.000553622,0.000534433,0.000509916,0.000487932,0.000474448,0.000471011,0.000474778
2022-03-09T00:00:00Z,,3.982139332,,0.003478605,0.003513035,0.003543247,0.003577848,0.003602909,0.003615041,0.003624847,0.003644698,0.003681872,0.003726599,0.003775538,0.003829546,0.003887068,0.003942481,0.003986594,0.004019357,0.004048076,0.004079064,0.004117076,0.004165167,0.004226229,0.004301846,0.004379926,0.004444026,0.004477036,0.004487242,0.004499743,0.004531342,0.004585896,0.004647105,0.004711309,0.004780854,0.004851283,0.004918753,0.004983117,0.005045829,0.005107528,0.00516766,0.005226474,0.005288021,0.005350629,0.005410837,0.005467642,0.005526004,0.005596223,0.005678271,0.00576343,0.005838652,0.005897816,0.005947661,0.005996428,0.006051154,0.006112311,0.00617497,0.006230185,0.006277219,0.006322209,0.006375588,0.006441167,0.006510862,0.006575766,0.006629385,0.006677047,0.006723895,0.006771321,0.006820116,0.0068707,0.006923243,0.006976955,0.00702997,0.007084692,0.007144925,0.007208399,0.007271864,0.007332344,0.007390389,0.007449357,0.007515546,0.007590946,0.00766763,0.00772985,0.007761673,0.007776986,0.007793718,0.007824548,0.007871009,0.007927616,0.007996391,0.008075254,0.008151079,0.008220537,0.008287105,0.008353679,0.008419417,0.008477254,0.008527204,0.008573175,0.008612634,0.00864432,0.008673708,0.008704909,0.008739102,0.00877111,0.008798299,0.008827539,0.008859829,0.008890157,0.008912232,0.00892202,0.008921947,0.008910989,0.008886458,0.008859646,0.008842402,0.008836015,0.008838673,0.008848986,0.008879711,0.008939759,0.009014071,0.009089938,0.00916039,0.009225864,0.009288078,0.009346111,0.009400227,0.009451768,0.009498548,0.009538442,0.009574366,0.00961219,0.009659548,0.009713841,0.009767284,0.009806831,0.009830301,0.009847118,0.009865323,0.009889478,0.00991792,0.009948004,0.00997623,0.009996592,0.010003226,0.009997876,0.009986376,0.00997627,0.009971368,0.009971153,0.009971618,0.009968978,0.009961604,0.009952841,0.009947576,0.009947867,0.009953977,0.00996549,0.009979628,0.009991558,0.009996855,0.009993745,0.009986721,0.009976778,0.009962051,0.009935813,0.009896007,0.009847757,0.009796147,0.00974335,0.009684484,0.009613478,0.009525908,0.009422786,0.009306753,0.009180715,0.009045646,0.00889983,0.00874004,0.008563911,0.008375483,0.008180021,0.007984916,0.007791171,0.007594982,0.007382879,0.007149459,0.006906706,0.006666788,0.006437293,0.006215224,0.005998889,0.005793676,0.00559626,0.005398279,0.005194593,0.004986126,0.004777712,0.004573114,0.004375328,0.004190265,0.004025492,0.003889349,0.003779335,0.003688639,0.00361064,0.003541666,0.003482498,0.003435093,0.003400714,0.003376655,0.00335995,0.003346718,0.003333457,0.003317052,0.003295878,0.00327183,0.003249442,0.003233656,0.003227243,0.003225405,0.003222039,0.003210196,0.003190912,0.003169845,0.003153129,0.003143197,0.003135029,0.003122776,0.003102133,0.003074395,0.00304155,0.003005553,0.002968954,0.002935884,0.002910907,0.002894574,0.002882651,0.002871105,0.002857789,0.002844349,0.002832668,0.002823628,0.0028165,0.002810458,0.002804405,0.002797698,0.002790092,0.002781036,0.002770424,0.002759107,0.002748005,0.002737234,0.002721844,0.002694683,0.002648144,0.002583309,0.002510327,0.002439676,0.002380132,0.002332467,0.00229834,0.002280451,0.002272945,0.002265675,0.002247502,0.002217415,0.002186408,0.002165503,0.002161193,0.00216819,0.002180372,0.00219225,0.002201339,0.002206438,0.002206572,0.002202765,0.002197329,0.002192344,0.002188332,0.002182474,0.002171706,0.002152832,0.002129429,0.002106647,0.002087777,0.002071402,0.002053034,0.002028216,0.001995074,0.0019557,0.001913726,0.001874172,0.001837455,0.001802164,0.001766865,0.001730182,0.001691315,0.001649341,0.001604142,0.001556454,0.001505881
2022-03-22T23:45:00Z,,3.745030068,,0.008155642,0.008240837,0.00829068,0.008326075,0.008353934,0.008367059,0.008372106,0.008384885,0.008427569,0.008502196,0.008590103,0.008678727,0.008761375,0.008839874,0.008911899,0.008972346,0.009025174,0.009077815,0.009137839,0.009206838,0.009284153,0.009371007,0.009468116,0.009567543,0.00965795,0.00972464,0.009771855,0.009813719,0.009863182,0.009928323,0.010006798,0.010101746,0.010217541,0.010343754,0.010470868,0.010593045,0.010708799,0.010818402,0.01091782,0.011007307,0.011093422,0.011183263,0.011282083,0.01138774,0.011497923,0.011611736,0.011727756,0.011844334,0.01195974,0.01207213,0.012179854,0.01228049,0.012372221,0.012458521,0.012543086,0.012628146,0.01271441,0.012802321,0.012894484,0.012991459,0.01308946,0.013183552,0.013269039,0.013345159,0.013410947,0.01346458,0.013512674,0.013567886,0.0136438,0.01374405,0.01385466,0.013961801,0.014055306,0.014139674,0.014223584,0.014314741,0.014413093,0.014514028,0.014614173,0.014711162,0.014798991,0.014867689,0.014908158,0.01493333,0.014960692,0.015006982,0.015075866,0.015161574,0.015261669,0.015369395,0.015473706,0.015568579,0.015650505,0.015724529,0.015793688,0.015859112,0.015922664,0.01598091,0.016026596,0.016054789,0.016074691,0.016098257,0.01613696,0.01618476,0.016231589,0.016268969,0.016290628,0.016296599,0.016286962,0.016262617,0.016229069,0.016188084,0.016140575,0.016098045,0.016067214,0.01605336,0.01605664,0.016080543,0.01613832,0.016239232,0.016359677,0.01647637,0.016569592,0.016640668,0.016699419,0.016750844,0.016798751,0.016845352,0.016891686,0.016937991,0.0169788,0.017012278,0.017037099,0.017057672,0.017074566,0.017083638,0.017082202,0.017074204,0.017064169,0.017055743,0.017049859,0.017046344,0.017046046,0.017044352,0.017035689,0.01701759,0.016989278,0.016957234,0.016927333,0.016904632,0.016888645,0.016874215,0.01685652,0.016835628,0.016816795,0.016803192,0.016797534,0.01680019,0.016807827,0.016816946,0.016820438,0.016817627,0.016812108,0.016806225,0.016795199,0.016767922,0.016714042,0.016639722,0.016554708,0.016467709,0.016378374,0.01628118,0.016171897,0.016045644,0.015898047,0.015724492,0.01552011,0.015291138,0.015047884,0.014799313,0.014542622,0.014268296,0.013970024,0.013647923,0.013318879,0.012978921,0.012620994,0.012247432,0.011867003,0.01148985,0.011116247,0.010741454,0.010374544,0.010022496,0.009675552,0.009321598,0.008948674,0.008564021,0.008186729,0.007835613,0.007523176,0.007250497,0.007018728,0.006829554,0.006675497,0.006548763,0.006444465,0.006360483,0.006294927,0.006245008,0.006208091,0.006180565,0.006158881,0.006139963,0.006121737,0.006106235,0.00609803,0.006096746,0.006096103,0.006087668,0.006065935,0.006033716,0.005994593,0.005951868,0.005909655,0.00587025,0.005834692,0.005801863,0.005768728,0.005731898,0.00568862,0.005641196,0.005596673,0.005564347,0.005543225,0.005527331,0.005509411,0.005486143,0.005459417,0.005431213,0.005402734,0.005372134,0.005334733,0.005284776,0.005225445,0.005163544,0.00510445,0.005049963,0.004997044,0.00494506,0.004893322,0.004838302,0.004774116,0.004693907,0.004601065,0.00450592,0.004419178,0.00434501,0.004277741,0.004219539,0.004174476,0.004139053,0.004104957,0.004061524,0.004010029,0.003959639,0.003917869,0.003888497,0.003868756,0.003855837,0.003847358,0.003840789,0.003833387,0.003822152,0.003806188,0.003786713,0.003766735,0.003748356,0.003730841,0.00371305,0.003694161,0.003676203,0.003658696,0.003634099,0.003598531,0.003552206,0.003495652,0.003431203,0.003365863,0.003310807,0.003277281,0.003253171,0.003219671,0.003164676,0.003089613,0.003007491,0.002926229,0.002849619,0.002776853,0.002707064,0.002639907
2022-05-05T00:20:00Z,,4.153304969,,0.002060456,0.002074171,0.002074028,0.002075287,0.002081131,0.002086403,0.002089615,0.002093835,0.002106762,0.002127865,0.002149445,0.00216795,0.002183807,0.002202864,0.002227135,0.002255022,0.002282802,0.002307255,0.002326862,0.002344059,0.00236467,0.002394838,0.002436601,0.00248181,0.002519486,0.002538422,0.002543706,0.002547132,0.002560809,0.002588945,0.002626843,0.002671274,0.002719503,0.002764879,0.002804504,0.002840097,0.002875276,0.00291274,0.002949716,0.002984682,0.003019008,0.003055614,0.003096864,0.003140749,0.003184841,0.003227464,0.003270088,0.003315785,0.003367848,0.003425795,0.003484179,0.003536713,0.003579047,0.003616159,0.003654226,0.003698033,0.003747312,0.003799319,0.003853452,0.003908862,0.003963294,0.004013541,0.004056923,0.004096608,0.00413674,0.004180602,0.004229999,0.004285582,0.004348864,0.004418618,0.004488702,0.004553451,0.004609248,0.004660611,0.004714162,0.00477515,0.004841992,0.004908074,0.004969139,0.005024056,0.00507542,0.005123212,0.005165238,0.005205094,0.005247145,0.005296323,0.005352757,0.005413039,0.005475866,0.005539163,0.005601167,0.00566256,0.005724602,0.005787084,0.005845682,0.005895304,0.005935207,0.005969823,0.006001801,0.006033134,0.006066196,0.006103029,0.006146159,0.006190514,0.006229663,0.006257676,0.006271849,0.006276175,0.006274973,0.00627227,0.006269414,0.006264152,0.00625337,0.006241078,0.006233324,0.006235682,0.006250743,0.00627906,0.006324823,0.006390998,0.006464996,0.006533845,0.006586774,0.00662482,0.006656865,0.006689137,0.006725642,0.00676414,0.006800316,0.006830613,0.006853416,0.006873121,0.006893395,0.00691776,0.006942327,0.006960507,0.006967685,0.006966987,0.006963412,0.006960549,0.006958992,0.006957735,0.006957117,0.006956189,0.006953729,0.006949094,0.006941337,0.006930681,0.006918071,0.006904287,0.006891606,0.0068811,0.006874047,0.006871219,0.006872101,0.006875567,0.006880526,0.006887823,0.006896097,0.00690435,0.006909366,0.00691212,0.006915909,0.006922619,0.006927945,0.00692303,0.006899863,0.006861899,0.0068167,0.006770975,0.006724978,0.006674408,0.00661566,0.006546115,0.006465957,0.006374802,0.006271885,0.006159188,0.006040522,0.005919151,0.005794486,0.005663303,0.005523518,0.005376034,0.005228697,0.005081834,0.004933418,0.004783325,0.004632064,0.004481036,0.004329696,0.004178597,0.004034986,0.003904583,0.003782307,0.003661704,0.003537151,0.003409665,0.003284232,0.003165444,0.003056998,0.002960981,0.002879499,0.002814553,0.002763656,0.00272348,0.002691419,0.002665481,0.002643743,0.002624047,0.002605569,0.002589853,0.002578391,0.002572547,0.002570755,0.002571882,0.002575829,0.00258075,0.002583263,0.002579908,0.002569379,0.002555795,0.002542037,0.002529805,0.00251731,0.002501504,0.002480066,0.002453731,0.002426552,0.002401641,0.002380162,0.002359882,0.002339909,0.002321485,0.002306396,0.002296886,0.002294479,0.002298224,0.002304111,0.002307746,0.002305632,0.002297264,0.002281626,0.002257201,0.002227454,0.002198168,0.002174658,0.002158281,0.002144463,0.002129032,0.002108898,0.002084994,0.002059513,0.002034874,0.002012182,0.00199111,0.001969793,0.001946491,0.001920802,0.001897245,0.001880879,0.001869815,0.001859526,0.001845094,0.00182735,0.001810434,0.001795891,0.001783983,0.001773731,0.001764716,0.001756883,0.00175001,0.001744159,0.001740259,0.001738587,0.001738753,0.001739786,0.001740378,0.001739098,0.001735181,0.001728568,0.0017204,0.001710411,0.001694965,0.001673697,0.001649412,0.001622918,0.001594309,0.001564217,0.0015376,0.001522052,0.001513788,0.00150483,0.001487926,0.001461474,0.001429185,0.001393861,0.001357703,0.00132276,0.00129072,0.001262502
2022-05-19T03:00:00Z,,3.752652238,,0.002983546,0.003024834,0.003047147,0.003076486,0.003109807,0.003127276,0.003126329,0.003116225,0.003117464,0.003136881,0.003168099,0.003212813,0.003271506,0.003340274,0.003408192,0.003461555,0.003501523,0.003533509,0.00356247,0.003593169,0.003631172,0.003684991,0.003758058,0.003838226,0.003907247,0.003944359,0.00395708,0.003964475,0.003983996,0.004021977,0.004070876,0.004132631,0.004209079,0.004285929,0.004352955,0.004407715,0.004458208,0.004513537,0.004572785,0.004633331,0.00469368,0.004753796,0.004813936,0.004872062,0.004927385,0.004981615,0.005037583,0.005098132,0.00516465,0.005236374,0.005310554,0.005382732,0.005448633,0.005509035,0.005564744,0.005615209,0.005662205,0.005709764,0.005765474,0.005832039,0.005902314,0.005967102,0.006018668,0.006062137,0.00610448,0.006149753,0.006200444,0.00625773,0.006325035,0.006402067,0.006481644,0.006557597,0.006625918,0.006688319,0.00674813,0.006808414,0.006869371,0.006929689,0.006989564,0.007050386,0.007113058,0.007174223,0.00722795,0.007277925,0.007327412,0.007378502,0.007428938,0.007477856,0.007529795,0.00758666,0.007642201,0.007693668,0.007742266,0.007791787,0.007841445,0.007885151,0.007919209,0.007943358,0.007954597,0.00795149,0.007942321,0.007935961,0.007941203,0.007951013,0.007954914,0.00794657,0.007923521,0.007889349,0.007846246,0.007795555,0.007740464,0.007680537,0.007613176,0.007547195,0.007494171,0.0074637,0.00745766,0.007468679,0.007496964,0.007545058,0.007599433,0.007649837,0.007688973,0.007720998,0.007751117,0.007777666,0.007797382,0.007810754,0.007820779,0.007831228,0.007839277,0.007842012,0.007836738,0.007827435,0.007819004,0.007811727,0.00780434,0.00779515,0.007782523,0.007765499,0.007744106,0.007719395,0.007692349,0.007660934,0.007623855,0.00758353,0.007543749,0.007507261,0.007472832,0.007437256,0.007396998,0.007351471,0.007302043,0.007254115,0.007215481,0.007190333,0.007180883,0.007182648,0.007188108,0.007189013,0.007178256,0.007155813,0.007128311,0.007103407,0.007083201,0.007061223,0.007026645,0.006975772,0.00691043,0.006836515,0.006758641,0.006678556,0.006594703,0.006502659,0.006396159,0.006271472,0.006126698,0.005966741,0.005798286,0.005627238,0.005453957,0.005276577,0.005095046,0.004911778,0.004735036,0.004559672,0.004377051,0.004186761,0.003992337,0.003797175,0.003601483,0.003408009,0.003233498,0.003092048,0.002968112,0.00284063,0.002691166,0.002524491,0.002360755,0.002218414,0.002106554,0.002018296,0.001943957,0.001876079,0.00181291,0.001756562,0.001710841,0.001678463,0.001659309,0.00164954,0.001645153,0.001643571,0.001644409,0.001648477,0.001653489,0.00165654,0.001655063,0.001647642,0.001635069,0.001620429,0.001607211,0.001598042,0.001590926,0.001581406,0.001567651,0.001549845,0.001530061,0.001510522,0.00149259,0.001473953,0.001451387,0.001424539,0.001399019,0.00138473,0.001382125,0.001386715,0.001392168,0.001394682,0.001394323,0.001392308,0.001390399,0.001390856,0.001390808,0.001382568,0.001363013,0.001332464,0.001295023,0.001255031,0.001216027,0.001181069,0.001151877,0.001126979,0.001104878,0.001085503,0.001069669,0.001059127,0.001054729,0.001053996,0.001050283,0.001042903,0.001035175,0.001028359,0.001022945,0.001018138,0.001014883,0.001013842,0.001009768,0.000999683,0.000987413,0.000977796,0.00097507,0.000977107,0.000981306,0.000987143,0.000994295,0.001001935,0.001006831,0.001005384,0.000994893,0.000976088,0.000952858,0.000932185,0.000917591,0.000902963,0.000885971,0.00086826,0.000846998,0.000818674,0.000783573,0.000751993,0.000740747,0.000741239,0.000736547,0.000715046,0.000680104,0.000648337,0.000630055,0.000627283,0.000627679,0.000619043,0.000593498
2022-06-01T00:20:00Z,,3.832216132,,0.003560752,0.003615888,0.003644709,0.003665015,0.003681092,0.003688189,0.003691381,0.003702382,0.003737853,0.003795206,0.003856687,0.00390887,0.003947546,0.003982513,0.00402036,0.004063247,0.00410852,0.004153301,0.004195967,0.004237903,0.004283624,0.00433819,0.004403444,0.004471084,0.004530579,0.004570651,0.004595968,0.004617915,0.004646271,0.004685853,0.004733719,0.004790996,0.004858684,0.004929003,0.004996143,0.005058309,0.005119086,0.005182835,0.00524909,0.00531594,0.005381608,0.00544601,0.005509939,0.005573909,0.005638504,0.005704492,0.005771285,0.005837568,0.00590205,0.00596479,0.006028012,0.006093438,0.006161678,0.006230591,0.006297119,0.006357954,0.006414595,0.00647178,0.006535643,0.006608016,0.006683052,0.006753972,0.006815286,0.00686943,0.006920067,0.006969686,0.007021478,0.007078974,0.007146747,0.007224884,0.007305441,0.007380526,0.007444401,0.007501569,0.007559541,0.007625163,0.007697938,0.007772025,0.007842541,0.007907004,0.007965719,0.008017205,0.008059554,0.008097747,0.008136587,0.008180185,0.008228756,0.008281577,0.008340208,0.008403215,0.008464717,0.008521497,0.008571936,0.008617774,0.008658227,0.00869079,0.008715917,0.008735568,0.008749732,0.008758367,0.008764489,0.008771722,0.008783659,0.008795017,0.008798133,0.008785742,0.008754039,0.008707251,0.008649445,0.008584186,0.008515171,0.008443317,0.008369269,0.008301513,0.008248183,0.008217327,0.008210612,0.008223475,0.008256915,0.008311695,0.008375016,0.00843392,0.008476867,0.008504256,0.008524195,0.00854253,0.008563249,0.008584447,0.008601556,0.008610056,0.008608467,0.008601907,0.008595839,0.008594653,0.008594286,0.008587071,0.008567471,0.008539301,0.00850834,0.008479747,0.00845362,0.008427873,0.008400752,0.008369852,0.008333925,0.00829267,0.008246075,0.008196586,0.008147381,0.008101339,0.008059588,0.0080205,0.007982385,0.007946017,0.007915322,0.007894059,0.007884821,0.007881897,0.007875189,0.007854442,0.007817328,0.007773108,0.007733452,0.007704975,0.007680708,0.007649196,0.007600049,0.00753543,0.0074608,0.007380827,0.007295675,0.007203181,0.007101648,0.006989356,0.006865569,0.006728733,0.006577111,0.006413743,0.006244405,0.006074381,0.005903706,0.005728563,0.005546267,0.005357222,0.005169863,0.004985867,0.004805412,0.004628072,0.004452928,0.004280114,0.004108127,0.00393663,0.003771577,0.003617729,0.003470739,0.003324297,0.003172309,0.003017638,0.002868673,0.002733868,0.002617869,0.002518508,0.002434028,0.002363652,0.002305753,0.002258844,0.002222051,0.002194701,0.002175998,0.002165347,0.002161081,0.002158617,0.002153164,0.002141031,0.002125219,0.002111505,0.002105708,0.002107138,0.002109325,0.00210621,0.002094663,0.002078301,0.002060466,0.002043509,0.00202749,0.002011054,0.00199307,0.001973238,0.001952212,0.001929918,0.001906154,0.001882693,0.001863386,0.001853321,0.001851133,0.001852605,0.001853103,0.001850066,0.00184349,0.001832882,0.00181814,0.001801333,0.001784115,0.001767451,0.001750709,0.00173216,0.001710077,0.00168461,0.001658805,0.001636387,0.001619976,0.0016068,0.001592731,0.001573905,0.001550289,0.001524198,0.001497211,0.001470174,0.001443598,0.001421085,0.001406458,0.001397272,0.001388726,0.001375447,0.001358222,0.001341959,0.001330713,0.001326539,0.00132809,0.001334408,0.001344757,0.001356225,0.001364824,0.001365975,0.001359988,0.001351538,0.001346452,0.00134738,0.001349622,0.001347716,0.001337326,0.001322227,0.001307251,0.001293911,0.001281821,0.001269116,0.001253885,0.001235185,0.001214712,0.001196496,0.0011853,0.001177676,0.001167977,0.001153162,0.001132472,0.001106569,0.001073491,0.001032699,0.000990593,0.000954661,0.000931318
2022-06-15T03:50:00Z,,3.700301935,,0.009066776,0.009157492,0.009221061,0.009274647,0.00932282,0.009355804,0.009375627,0.009393078,0.009426444,0.009484816,0.009562083,0.00965638,0.009762634,0.009871426,0.009970052,0.010046209,0.010106048,0.010161112,0.010222438,0.010295944,0.010386495,0.010500876,0.01063975,0.01078281,0.010905719,0.010983164,0.011025378,0.011058513,0.011107614,0.011184771,0.011282422,0.01139684,0.011527197,0.011663366,0.011797468,0.011926104,0.01205044,0.012172892,0.01229081,0.012402566,0.012510005,0.012616446,0.012725284,0.012837335,0.01295346,0.013075204,0.013201765,0.01333112,0.013461479,0.013589436,0.013710032,0.013817296,0.013907324,0.013987699,0.014067511,0.014154295,0.014249467,0.014351445,0.014460623,0.014574369,0.014684086,0.014779907,0.014854383,0.014915306,0.014973367,0.015038005,0.015113169,0.015198108,0.015292958,0.015395731,0.015502707,0.015611184,0.015719115,0.015825738,0.015931034,0.016035288,0.016137363,0.016235646,0.016328742,0.01641605,0.016495818,0.016563569,0.016615595,0.016661055,0.016708824,0.016767049,0.016838679,0.016926232,0.017035594,0.017163934,0.017294193,0.017414123,0.017515191,0.017602466,0.017679093,0.017745579,0.017804199,0.017855918,0.017899099,0.017933972,0.017967845,0.018007722,0.018059906,0.018116371,0.018169255,0.018212025,0.018239446,0.018251295,0.018247561,0.018229445,0.018201551,0.01816314,0.018112674,0.018063401,0.018025987,0.018009759,0.0180157,0.018045461,0.018112037,0.018224895,0.018360539,0.018493128,0.018599946,0.018680304,0.018746227,0.018806038,0.018866059,0.01892588,0.018981412,0.019028025,0.019062423,0.019090398,0.019118453,0.01915297,0.019187326,0.019209091,0.01921008,0.019198006,0.01918283,0.019173225,0.019170542,0.019172818,0.019179074,0.019183078,0.019179332,0.019166177,0.019143679,0.01911779,0.019091571,0.019067406,0.019045202,0.019025019,0.019007544,0.018995288,0.018988047,0.018981393,0.018972471,0.018965456,0.018964637,0.018973521,0.018984794,0.018992479,0.018995361,0.018993086,0.018981545,0.018949393,0.018885833,0.018798304,0.018698822,0.01859844,0.018495513,0.018380805,0.0182465,0.018087051,0.017904756,0.017700599,0.017474166,0.017227217,0.016964509,0.01669028,0.016401629,0.016092596,0.015758911,0.015402077,0.015039144,0.014667896,0.014283286,0.013886121,0.013480558,0.013071953,0.012660439,0.012247435,0.011846895,0.011467997,0.011096657,0.010718104,0.010319576,0.009908691,0.009503172,0.009118104,0.008765747,0.008453658,0.008191062,0.007986107,0.007826131,0.007695842,0.007583443,0.007485435,0.007402475,0.007333942,0.007278909,0.007235125,0.007201729,0.007178416,0.00716111,0.007146244,0.007131283,0.007115902,0.007101907,0.007091659,0.00708504,0.007074973,0.00705181,0.007006622,0.006946462,0.006881818,0.006820991,0.006765424,0.006710434,0.006653263,0.006592212,0.006529328,0.006469769,0.006419675,0.006380558,0.006352122,0.006334572,0.006325077,0.006316636,0.00630221,0.006276128,0.006237699,0.006183334,0.006107665,0.006019802,0.005936447,0.005874228,0.005836024,0.005803977,0.005761338,0.005696109,0.005615727,0.005529697,0.005445503,0.005364552,0.005285038,0.005206186,0.005127419,0.005049463,0.004980191,0.004927772,0.004888015,0.004852005,0.004809811,0.004762308,0.00471715,0.004679562,0.00465055,0.004623764,0.004592004,0.004550117,0.004505385,0.004469215,0.004453118,0.004453725,0.004455461,0.004443545,0.00441129,0.004369039,0.004329194,0.004302681,0.004287881,0.004275202,0.004247565,0.004199878,0.004138679,0.004068597,0.00399283,0.003913317,0.003839188,0.003783541,0.003738525,0.003689661,0.003626587,0.003550395,0.003472237,0.003398748,0.003331806,0.003266213,0.003196603,0.003119254
2021-08-12T05:10:00Z,,3.677288505,,0.010118236,0.010177176,0.010222348,0.010272285,0.010298862,0.010305384,0.010320803,0.010367476,0.010450222,0.010537217,0.010621191,0.010706858,0.010797434,0.010887723,0.010965254,0.011036525,0.011118196,0.011215608,0.011327675,0.01144623,0.011575105,0.011720989,0.011873842,0.012009595,0.012095698,0.012144177,0.012192509,0.012255882,0.012334782,0.012415234,0.012524965,0.012698156,0.012908219,0.013121128,0.013314645,0.013484444,0.013635461,0.013771376,0.013900109,0.014038606,0.014186066,0.014333884,0.01447115,0.014599709,0.014735052,0.014881898,0.015033973,0.015176144,0.015302051,0.015421743,0.015541876,0.015665674,0.015790712,0.015906681,0.015996414,0.016062962,0.016127436,0.016222685,0.016362911,0.016525221,0.016674225,0.016777,0.016841762,0.016892239,0.016958691,0.017057812,0.017188545,0.017320413,0.017422399,0.017478384,0.017509815,0.017556061,0.01763646,0.017753655,0.017892345,0.018034604,0.018165332,0.018288287,0.018407256,0.018516531,0.018594913,0.018620803,0.018631065,0.018663645,0.018731708,0.01882761,0.018934454,0.019060753,0.019207309,0.019346357,0.019477056,0.019619027,0.019780447,0.019950786,0.020089155,0.020180656,0.020234191,0.020268264,0.020306885,0.020377967,0.020485148,0.020608953,0.020722235,0.020812951,0.020906779,0.021013483,0.02112463,0.021231075,0.02132771,0.021417771,0.021489076,0.021518162,0.021521227,0.021523668,0.021540247,0.021576646,0.021633934,0.021729095,0.021870843,0.0220309,0.022193623,0.022360412,0.022524149,0.022673588,0.022797649,0.022904813,0.02301939,0.023140158,0.023252472,0.023343527,0.023420867,0.023516893,0.023639534,0.023779799,0.023897946,0.023978022,0.024034236,0.024084256,0.024143134,0.02421458,0.024299293,0.024393876,0.024486282,0.024564113,0.024631585,0.024694076,0.024752977,0.024807126,0.024855054,0.024899381,0.024941858,0.024982278,0.025024561,0.0250727,0.025119685,0.025161138,0.025199898,0.02524523,0.025306239,0.025377335,0.025448518,0.025506785,0.025550435,0.025582811,0.025610953,0.025637023,0.025656759,0.025660139,0.02563731,0.025592948,0.025535451,0.025477041,0.025412975,0.025330422,0.025219806,0.025082626,0.024930716,0.024772479,0.024607742,0.024421291,0.024199427,0.023945668,0.023672795,0.023390975,0.023072902,0.02269761,0.022275951,0.021815074,0.021321089,0.020814786,0.020327193,0.019904681,0.019530963,0.019159165,0.018758001,0.018321254,0.017858879,0.017376947,0.016880977,0.016389252,0.015923615,0.015510018,0.015157068,0.014866708,0.014634603,0.014449983,0.014302498,0.01418799,0.014106061,0.014046748,0.013996729,0.013929934,0.013838784,0.013726993,0.013613673,0.013515032,0.013427505,0.013344641,0.013261379,0.013191211,0.013151107,0.013149458,0.013168606,0.013181372,0.013166122,0.013119784,0.013050411,0.012958627,0.012837408,0.01270136,0.012571684,0.01248009,0.012421088,0.012370775,0.012308032,0.012233367,0.012170545,0.012142158,0.012150923,0.012165302,0.012148656,0.012077603,0.011971605,0.01186679,0.01178977,0.011749275,0.011746757,0.011785131,0.011854943,0.011915703,0.011920519,0.01183953,0.011689714,0.011502432,0.011295562,0.011074812,0.010850006,0.010638086,0.010464306,0.010319114,0.010189806,0.010068715,0.009953966,0.009844797,0.00973448,0.009622616,0.009524409,0.00945485,0.009418557,0.009399657,0.009381087,0.009349306,0.009307958,0.009267763,0.00923989,0.009223006,0.00920267,0.009164537,0.009106909,0.009043123,0.008987625,0.008941454,0.00889853,0.008853146,0.008796164,0.008719601,0.008618963,0.008487741,0.008328841,0.008161876,0.008014323,0.007921788,0.007867862,0.007814918,0.007724744,0.007588951,0.007425643,0.00725005,0.00707228,0.006896591,0.006727065
2021-08-26T04:30:00Z,,3.709928177,,0.010350899,0.010292471,0.010212526,0.010196967,0.010229644,0.010273023,0.010314493,0.010353831,0.010404592,0.010452214,0.010498093,0.010555788,0.010627465,0.010705099,0.010770685,0.010816948,0.010849763,0.010872573,0.010892977,0.010933246,0.011009903,0.01113552,0.011275963,0.011387781,0.011427227,0.011408665,0.011389792,0.011401279,0.01145272,0.011523663,0.011625331,0.011778687,0.011946362,0.012088828,0.012189143,0.01226455,0.012339428,0.012424806,0.012519607,0.012623127,0.012725154,0.012815273,0.012896161,0.012982607,0.013098415,0.013239568,0.013380877,0.013492478,0.013563692,0.013616735,0.013672051,0.013744628,0.013833565,0.013926348,0.014002596,0.014060895,0.014113483,0.014184014,0.014279889,0.014385309,0.01448154,0.014554081,0.014612557,0.014663377,0.014706164,0.014745284,0.014786472,0.014836605,0.014896309,0.014960121,0.015028204,0.015101725,0.015177309,0.015255477,0.015342053,0.01543637,0.015533845,0.015636567,0.015742789,0.015841518,0.015903688,0.015899442,0.015867697,0.015845896,0.015863521,0.015925816,0.016021025,0.016144812,0.016277939,0.016384092,0.016472838,0.016570839,0.016680879,0.016785008,0.016849802,0.016880872,0.016904917,0.016925496,0.016944157,0.016968074,0.01700156,0.017046816,0.017093121,0.017138239,0.017195984,0.01726347,0.017326284,0.017379916,0.01742172,0.017447503,0.017439534,0.017377772,0.0172954,0.017226944,0.017177292,0.017146765,0.017138029,0.017178719,0.017280839,0.017394841,0.017496932,0.017588406,0.017677789,0.017767685,0.017845475,0.017910831,0.01797453,0.018032039,0.018073207,0.018092893,0.018101605,0.018125581,0.018167621,0.018214809,0.018229049,0.018201508,0.018157381,0.018121773,0.018111539,0.018123675,0.018151189,0.018182895,0.018202509,0.018194907,0.018165828,0.018127988,0.018094103,0.018072284,0.01806308,0.018058808,0.018051061,0.018034326,0.018013958,0.017998596,0.01798728,0.017979028,0.017978763,0.017987277,0.017999701,0.018007799,0.018008045,0.018013058,0.018022894,0.018028783,0.018010272,0.017958257,0.017884253,0.017798681,0.01770783,0.017612615,0.017514967,0.017421902,0.01732555,0.017209871,0.017059943,0.016874199,0.016663163,0.01643611,0.016197979,0.01594399,0.015670443,0.015389248,0.015108261,0.01482514,0.014501337,0.014108167,0.013673919,0.013230121,0.012798875,0.01237958,0.01197386,0.011603228,0.011264764,0.010935203,0.010604473,0.010271121,0.009931024,0.009576666,0.009204098,0.00883779,0.008508351,0.008245912,0.008046394,0.00789185,0.007764426,0.007653541,0.007560196,0.007486638,0.007433208,0.007398044,0.007379721,0.007372957,0.007363912,0.007335192,0.007275013,0.007186215,0.007082566,0.006975922,0.006870215,0.006756079,0.006620618,0.006446934,0.006248355,0.006065367,0.005944668,0.005914592,0.005941501,0.005984493,0.006008679,0.006013042,0.006004989,0.005993175,0.005978,0.005971128,0.005985736,0.006021724,0.006065557,0.006103971,0.006128736,0.006136342,0.006115991,0.006056718,0.005968415,0.005878681,0.005812571,0.005786691,0.005797152,0.005835321,0.005890231,0.005937657,0.005955652,0.005923053,0.005841924,0.005722714,0.005572721,0.005404945,0.005240176,0.005102479,0.005004865,0.00492103,0.004843835,0.004772051,0.0047162,0.004674267,0.004635875,0.00460143,0.004582351,0.004586738,0.004616446,0.004655051,0.0046837,0.004684895,0.004661578,0.004628055,0.004600731,0.004585759,0.004578787,0.004576632,0.004573177,0.004553541,0.004505955,0.004419097,0.004318348,0.004223649,0.004135294,0.004056152,0.003991343,0.003941239,0.003896843,0.003832847,0.00375569,0.003691552,0.003637897,0.003583058,0.003518708,0.003447916,0.003382461,0.00332413,0.003271163,0.003219591,0.003157687
2021-09-09T02:00:00Z,,3.665601625,,0.01014233,0.010177611,0.010212969,0.010299692,0.010388541,0.010456685,0.01052332,0.01061199,0.010732683,0.010841264,0.010932934,0.011023314,0.011133438,0.011264907,0.011398966,0.011524578,0.011639484,0.011737203,0.011820877,0.011913738,0.012045028,0.012239085,0.012462424,0.012659412,0.012767214,0.01280015,0.012826475,0.012890787,0.013010974,0.013162761,0.013356612,0.013609224,0.013873187,0.014108743,0.014305838,0.014479809,0.014650583,0.014822776,0.014999049,0.015188993,0.0153829,0.015563906,0.015718725,0.015854528,0.015998456,0.016161297,0.016336702,0.016503163,0.016649346,0.016783872,0.016912495,0.017038556,0.017164764,0.017286578,0.017392002,0.01748488,0.017580766,0.017701161,0.017848838,0.017997047,0.018121582,0.018207841,0.01827662,0.018345531,0.018419692,0.018503021,0.018599641,0.018707492,0.018817601,0.018910719,0.018986985,0.019058695,0.019138127,0.019237402,0.019364086,0.019512244,0.019668435,0.019829522,0.019989752,0.020131965,0.020218787,0.020214531,0.020173265,0.020155879,0.020202212,0.020312306,0.020460881,0.020642394,0.020840469,0.021012664,0.021157885,0.021301331,0.021456208,0.021618831,0.021763713,0.021889156,0.022007106,0.022106005,0.02217985,0.02224929,0.022332496,0.02243961,0.022551429,0.022657714,0.022785595,0.022946476,0.02313379,0.023324739,0.023495214,0.023633571,0.023724405,0.023757392,0.023772681,0.023810946,0.023871893,0.023944804,0.024020109,0.024130381,0.024301509,0.024499196,0.024702601,0.024909142,0.025113984,0.025307062,0.025468812,0.02560286,0.025733938,0.025869824,0.026006458,0.026131988,0.026250272,0.026384715,0.02654247,0.026716442,0.026867669,0.02697918,0.027062396,0.027133464,0.027209311,0.027302009,0.027419277,0.027559254,0.027700814,0.027820165,0.02792053,0.028014086,0.028113439,0.028221865,0.028334881,0.028448829,0.028560143,0.028666747,0.028770465,0.028873214,0.028967853,0.029054397,0.02914519,0.029249567,0.029368157,0.029485126,0.029587672,0.029678215,0.029761116,0.029838296,0.029898585,0.02993459,0.029949792,0.029954058,0.029961213,0.029978153,0.030006013,0.030033544,0.030044717,0.030023327,0.029973326,0.029907,0.02983745,0.029767793,0.029689243,0.029584655,0.029440109,0.029262646,0.029063738,0.02884873,0.028581584,0.028241996,0.027863118,0.027471787,0.027079981,0.026684851,0.026292244,0.025942274,0.025623978,0.025296657,0.02492728,0.024509724,0.024060729,0.023593711,0.023120457,0.022661564,0.022239192,0.021870297,0.021552893,0.021279752,0.021050564,0.020863583,0.020710855,0.020581601,0.020462989,0.020361157,0.020285538,0.020234469,0.020186782,0.020114002,0.020005776,0.019876028,0.019748103,0.019641312,0.019562977,0.019513966,0.019496075,0.01950489,0.01951784,0.01950755,0.019455313,0.019369188,0.019264888,0.019146114,0.019000512,0.018833569,0.018656534,0.018497675,0.018368217,0.018277115,0.018234598,0.018235424,0.018256761,0.018275799,0.018275925,0.018256781,0.018217998,0.018159392,0.018090137,0.018026536,0.017978333,0.017954852,0.017970981,0.018042447,0.018166194,0.018285554,0.018334118,0.018259262,0.018075959,0.017822784,0.017523189,0.017193763,0.016859735,0.016554657,0.016317109,0.016129504,0.015977437,0.015853271,0.015744498,0.015633301,0.015498003,0.01534683,0.01521772,0.015139448,0.015112889,0.015106823,0.015094587,0.015058582,0.015003129,0.014938295,0.014876427,0.014826858,0.01479054,0.014768439,0.01475434,0.014730288,0.014677627,0.014573758,0.014441287,0.014314774,0.01421299,0.014122446,0.01401368,0.013855959,0.013646011,0.01341436,0.013208032,0.013087576,0.013027207,0.012972503,0.012873778,0.012720835,0.012540039,0.012342688,0.012133699,0.011911687,0.011678245
2021-12-01T00:00:00Z,,3.728532281,,0.00473969,0.004757131,0.004769679,0.004794829,0.004822045,0.004844732,0.004866004,0.004891066,0.004923832,0.004956645,0.004989838,0.005026929,0.005068386,0.00511158,0.005151496,0.005188321,0.005224987,0.005260457,0.005294955,0.005332423,0.005379486,0.005441729,0.005511064,0.005573389,0.005612243,0.005631947,0.005650094,0.005675906,0.005711802,0.005751114,0.005800185,0.005867608,0.005941075,0.006009917,0.006071973,0.006130452,0.00618848,0.006244465,0.006297403,0.006350684,0.006402455,0.0064495,0.006492462,0.006537988,0.006597581,0.006670761,0.006747637,0.006815197,0.00686762,0.006911715,0.006953913,0.006999174,0.007048926,0.007100615,0.007148395,0.007192318,0.007237619,0.007293379,0.00736224,0.007435023,0.007502012,0.007556248,0.007603835,0.007651324,0.007701716,0.007756563,0.007815625,0.007876172,0.007933756,0.007982794,0.008024561,0.008064292,0.008107105,0.008157214,0.00821662,0.008281705,0.008345962,0.008409515,0.008473639,0.008537688,0.008589072,0.008611175,0.0086137,0.008611607,0.008617854,0.008637288,0.008669331,0.008717264,0.008777317,0.008830835,0.008873097,0.008910092,0.008948554,0.008989086,0.009021186,0.009041834,0.009053674,0.009056234,0.009050909,0.009044874,0.009041969,0.009041953,0.009038166,0.009027167,0.009015655,0.009004472,0.008988215,0.008960082,0.008916669,0.008863572,0.008802536,0.008732658,0.008663834,0.008606205,0.008560927,0.008526621,0.008502587,0.008501111,0.008530298,0.008574894,0.008622385,0.008666596,0.008707624,0.008746494,0.008781148,0.008811552,0.008839646,0.008864038,0.008882501,0.008895103,0.008904451,0.008915596,0.008929095,0.00894226,0.008946705,0.008940073,0.008926982,0.008910913,0.008893963,0.0088768,0.00886,0.008843786,0.008824525,0.008797905,0.008764726,0.008727152,0.008686993,0.008643421,0.008594822,0.008542595,0.008489276,0.008438845,0.00839403,0.008356577,0.008324557,0.008295942,0.008270075,0.008245622,0.008220373,0.008191607,0.008158664,0.008125794,0.008094157,0.008062425,0.008023757,0.007973142,0.007909971,0.007835881,0.007754562,0.007669092,0.007581044,0.007488805,0.00738802,0.007273238,0.007142041,0.006997188,0.006845204,0.00669069,0.006534436,0.006372613,0.006201031,0.00601858,0.005829624,0.005639295,0.005445475,0.005245803,0.005043546,0.004841972,0.004643075,0.004447707,0.004258974,0.004084928,0.003923002,0.003764978,0.003605133,0.003442992,0.003282041,0.003125415,0.002975388,0.002834222,0.002704836,0.002590904,0.002494084,0.00241557,0.002357041,0.002315645,0.00228399,0.002255214,0.002225139,0.002196753,0.002174375,0.002161317,0.002154448,0.002147888,0.002136633,0.002120039,0.002101826,0.002086058,0.002075526,0.002068036,0.002060494,0.00204888,0.002033607,0.00201809,0.002006621,0.002001645,0.001999965,0.001997503,0.001990296,0.00197832,0.001962512,0.001944342,0.001924964,0.001905663,0.001887817,0.001872229,0.001859548,0.001850693,0.001845309,0.001839005,0.001826099,0.001801621,0.001770168,0.001741364,0.001724474,0.001721751,0.001727359,0.001735254,0.001741055,0.001743808,0.00174285,0.001736914,0.001723849,0.001701077,0.001665756,0.001619639,0.001569314,0.001521669,0.001481897,0.001449452,0.001424234,0.001407304,0.001396885,0.001389541,0.001381306,0.001370962,0.001360677,0.001352084,0.001345915,0.001341356,0.001338041,0.001335825,0.001334225,0.001332533,0.001330081,0.001326824,0.001323166,0.001319525,0.001315691,0.001309575,0.001299069,0.001281876,0.001260996,0.001240577,0.0012235,0.001209618,0.001196541,0.001181918,0.00116425,0.001143275,0.001120192,0.0010976,0.001076447,0.001056677,0.001037884,0.001018662,0.000997017,0.00097077,0.000939754,0.00090746,0.000877117
2019-11-12T23:52:00Z,,3.664508894,,0.007687291,0.007751458,0.007812348,0.007887043,0.007946431,0.007961679,0.00794667,0.007928474,0.007936902,0.007969584,0.00801689,0.008079549,0.008157726,0.008244316,0.008325374,0.008388714,0.008441867,0.008490777,0.008541213,0.008595631,0.008659121,0.008739111,0.008836685,0.008933624,0.009003194,0.009023716,0.009019691,0.009017153,0.009035904,0.009071587,0.009120507,0.009196633,0.009302048,0.009411132,0.009508665,0.009587371,0.009656092,0.009722013,0.009784404,0.009847681,0.009915697,0.00999072,0.010071874,0.010152566,0.010232546,0.010313301,0.010396917,0.010481888,0.010566061,0.010647233,0.010721523,0.01078192,0.010825768,0.010866802,0.010914905,0.010977608,0.011047992,0.011120094,0.011192913,0.011267304,0.011340714,0.01140629,0.011458326,0.011502419,0.01154562,0.011593652,0.011649589,0.011709359,0.011768216,0.011819639,0.011863112,0.011905336,0.011953096,0.012007041,0.012063973,0.012120207,0.012172753,0.012224999,0.012283982,0.012356588,0.012434732,0.012497035,0.012521532,0.012517846,0.012503862,0.012496392,0.012501976,0.012522544,0.012566264,0.012632722,0.012702755,0.012766479,0.012817453,0.012861451,0.012897,0.012918453,0.012924023,0.012916556,0.012895958,0.012863456,0.012828422,0.012798927,0.012782883,0.012772882,0.012761897,0.012746037,0.012721704,0.012685901,0.01263461,0.012565009,0.012480941,0.012380997,0.012262551,0.012138478,0.012027521,0.011946572,0.011901959,0.011887264,0.011904413,0.01195656,0.012025977,0.012093974,0.012143149,0.012171844,0.012189928,0.012205213,0.012223653,0.012244511,0.012263753,0.012276751,0.012280442,0.012276985,0.012269572,0.012263089,0.012256962,0.012246812,0.012228051,0.012199251,0.012159111,0.012106192,0.012044732,0.011983012,0.011930121,0.011886846,0.011843635,0.011790815,0.011721767,0.01164329,0.011564771,0.011494643,0.011433688,0.011378081,0.011324495,0.011272795,0.011224578,0.011180066,0.011138807,0.011098763,0.011057771,0.011014124,0.010968629,0.010926153,0.01089307,0.010870433,0.010845133,0.010800445,0.010721009,0.010614228,0.010495345,0.010379121,0.010268845,0.010156811,0.010034347,0.009894411,0.009735977,0.009557984,0.009358834,0.009142728,0.008916613,0.008686788,0.008453973,0.008213714,0.007960675,0.007692836,0.007416075,0.007133192,0.006844844,0.006553707,0.006264346,0.005982861,0.005712186,0.005452396,0.005207766,0.00498227,0.004768352,0.00455664,0.004337353,0.004113493,0.003895838,0.003696415,0.003522187,0.003371022,0.003240643,0.003129492,0.003036983,0.002964074,0.002914262,0.002882741,0.002857472,0.002824424,0.002778375,0.002733346,0.002706853,0.002714308,0.002745217,0.002781526,0.002806186,0.002812687,0.002804084,0.00278302,0.002752763,0.002718292,0.002683489,0.002650585,0.002616694,0.002577239,0.002528908,0.00247218,0.002411081,0.002348371,0.002287613,0.002237561,0.002208792,0.002211101,0.002238805,0.002279702,0.002323338,0.002361252,0.002386725,0.002392026,0.002372186,0.002335216,0.002290518,0.002246276,0.0022055,0.002167974,0.002133192,0.002100682,0.002069801,0.002041284,0.00201588,0.001990477,0.001961308,0.001924953,0.00188502,0.001848792,0.001821692,0.001804114,0.001790705,0.001778838,0.001767705,0.001755987,0.001742425,0.00172523,0.001706339,0.001688624,0.001673452,0.001660549,0.001647476,0.001632923,0.001617166,0.001602403,0.001590169,0.001579778,0.001569641,0.00155886,0.001549025,0.00154149,0.001534667,0.001525935,0.001512848,0.001496975,0.001479691,0.001460062,0.001437219,0.001409771,0.001376072,0.001335772,0.001292917,0.001254052,0.001226047,0.00120746,0.001195696,0.001189858,0.001186761,0.001179858,0.001160564,0.001124301,0.001078952,0.001034177,0.000998913